AT,V,AP,RH,PE
31.68,68.24,1005.29,37.34,427.22
26.17,48.6,1002.59,61.41,439.86
22.32,59.8,1016.82,64.18,451.21
21.87,61.45,1011.13,92.22,445.21
23.96,51.3,1011.81,71.81,451.11
16.81,42.42,1008.95,74.25,462.19
29.54,72.29,1011.0,42.0,443.79
19.63,52.72,1025.09,51.16,459.12
30.56,71.25,1000.3,70.55,431.92
30.47,77.3,1002.13,63.7,434.68
21.5,50.59,1017.08,65.28,453.8
23.35,71.85,1009.32,73.48,441.28
28.15,71.94,1006.73,68.21,427.69
27.2,72.43,1006.75,80.67,430.32
27.51,73.77,1002.42,90.88,436.91
10.84,40.62,1015.53,60.9,467.6
16.92,44.6,1017.34,58.75,460.17
9.06,39.3,1019.73,84.23,480.41
27.19,71.58,1010.85,76.1,436.77
15.68,39.16,1006.09,75.62,461.98
23.95,51.86,1014.24,68.28,449.81
26.27,58.33,1013.81,60.43,438.82
8.87,41.82,1033.3,74.28,477.97
9.56,44.71,1021.13,64.6,487.92
14.48,46.18,1015.83,92.15,462.3
9.45,43.5,1018.89,84.29,476.1
15.61,38.52,1018.4,80.99,439.21
12.29,42.18,1016.53,83.13,468.75
29.92,57.19,1008.62,45.8,438.99
25.64,70.72,1010.16,84.0,441.68
13.96,40.83,1009.89,84.86,469.86
19.83,39.39,1013.73,59.16,463.72
21.58,67.25,1017.39,79.0,446.15
19.29,50.16,1010.49,97.78,450.21
18.56,42.28,1007.75,60.89,462.05
27.58,57.19,1007.88,52.95,435.7
10.28,39.61,1020.43,69.09,478.34
25.14,49.02,1007.56,79.02,438.53
23.01,44.05,1006.56,74.95,450.67
25.42,59.04,1011.98,68.78,444.51
26.3,69.05,1005.37,41.7,438.12
26.17,59.92,1010.01,73.75,444.96
23.56,60.77,1017.93,76.34,443.13
23.61,59.39,1015.11,78.84,438.08
10.48,41.93,1017.17,92.81,480.01
10.08,40.72,1022.7,67.3,480.8
12.32,43.69,1016.26,83.18,471.6
21.75,49.82,1015.01,78.33,455.28
24.81,66.44,1011.19,69.96,435.79
14.45,43.34,1015.47,83.33,462.16
12.75,44.03,1007.29,89.46,465.86
22.49,58.82,1009.73,85.19,444.11
13.41,39.35,1015.1,79.32,471.85
14.43,39.82,1012.56,78.52,470.17
19.11,44.85,1014.76,45.86,464.66
13.51,40.89,1011.03,84.83,471.99
27.1,52.84,1006.28,53.85,439.08
22.18,59.8,1016.77,73.16,453.24
27.62,71.14,1011.6,52.8,434.72
25.78,47.93,1003.67,67.23,442.46
28.87,72.58,1008.69,79.34,428.89
21.9,63.13,1011.54,81.83,447.4
20.03,45.01,1012.73,56.89,460.11
13.21,45.87,1008.58,85.66,463.1
25.72,72.39,1003.01,86.38,432.77
24.32,71.14,1011.71,71.65,435.34
19.32,52.84,1004.29,83.51,450.88
31.65,66.25,1008.57,59.05,437.35
9.08,40.46,1019.48,77.37,476.81
29.76,73.56,1008.07,84.85,432.51
12.25,44.85,1014.13,85.25,470.92
26.11,70.36,1007.64,70.12,445.37
16.98,43.7,1015.07,53.51,464.01
8.71,41.82,1033.08,74.53,477.94
21.3,66.86,1013.04,55.43,450.56
31.25,69.51,1010.25,36.83,428.77
7.51,41.01,1024.61,97.41,477.61
19.26,65.61,1015.03,85.74,451.85
21.67,50.32,1008.41,85.99,445.31
22.24,69.23,1011.83,79.37,441.9
29.1,77.95,1010.01,71.48,431.28
23.05,48.98,1015.64,49.33,446.05
20.61,62.91,1013.24,79.54,446.53
32.14,75.08,1005.35,49.92,439.22
17.29,42.86,1014.38,72.3,464.27
28.8,71.58,1010.51,59.87,434.82
16.48,48.92,1011.84,64.16,458.67
18.87,44.06,1013.42,68.78,451.4
21.7,60.77,1018.07,88.15,444.66
4.71,42.07,1005.35,82.26,486.79
27.67,69.59,1009.13,82.15,437.29
25.44,63.13,1011.74,77.83,441.91
7.36,40.07,1017.29,52.55,489.45
26.65,66.48,1005.7,65.09,436.65
26.54,66.51,1015.39,51.22,440.04
12.72,40.71,1016.02,71.57,466.99
14.38,45.09,1012.95,86.1,464.27
20.98,43.77,1010.67,62.73,449.88
13.45,40.73,1018.7,93.88,461.03
31.54,71.06,1008.4,71.77,431.87
9.96,41.26,1022.9,83.83,475.21
24.74,59.39,1015.23,74.64,437.49
17.01,49.15,1021.83,84.02,458.78
7.98,40.77,1008.69,98.65,480.72
15.45,45.0,1023.63,70.74,469.54
29.34,71.98,1005.19,75.19,428.24
26.99,72.99,1008.0,76.1,430.81
29.38,73.42,1011.49,54.96,445.42
11.35,40.73,1019.37,96.05,472.32
7.94,40.56,1023.25,80.84,488.01
22.17,65.61,1014.71,70.91,449.91
23.57,70.04,1011.06,82.79,437.53
29.55,66.25,1009.38,69.55,436.29
22.86,60.08,1017.2,67.11,452.34
28.47,67.69,1004.79,56.51,430.67
27.71,54.2,1012.72,47.25,440.74
27.19,64.27,1013.06,58.13,444.54
23.84,49.21,1013.85,50.36,447.09
5.5,39.04,1021.46,78.91,478.65
15.74,71.14,1019.65,65.94,457.29
7.19,41.39,1018.12,90.76,486.35
5.47,38.68,1017.33,72.71,485.7
27.61,59.54,1005.84,71.27,437.85
27.91,63.76,1010.27,65.67,435.21
9.64,39.35,1015.1,91.76,479.81
23.5,59.21,1018.29,63.0,443.31
15.89,43.96,1014.02,75.24,467.35
18.36,51.43,1010.57,90.17,459.8
32.41,72.86,1003.69,58.04,432.75
23.99,67.69,1007.9,78.57,437.1
23.3,72.99,1008.54,92.11,437.62
16.55,41.66,1011.45,55.53,465.14
14.3,42.99,1007.32,73.72,467.9
23.88,69.94,1007.48,61.0,440.63
28.62,63.77,1012.82,55.77,441.97
22.35,63.94,1010.32,93.02,443.9
26.69,79.74,1008.29,73.79,431.41
22.07,50.78,1008.6,61.33,449.96
13.78,45.78,1025.27,95.72,462.88
8.27,35.76,1020.11,75.25,480.8
20.07,42.23,1012.86,74.11,461.25
9.33,42.49,1008.93,82.59,478.43
15.68,43.7,1015.09,58.96,470.29
27.6,73.42,1011.91,83.66,431.44
31.79,76.2,1007.89,56.3,434.01
28.27,66.56,1007.36,55.99,433.52
29.63,69.59,1008.3,72.53,438.64
9.27,36.3,1026.93,72.13,479.66
24.93,73.5,1011.28,83.09,437.35
25.61,60.32,1015.77,56.48,443.96
31.63,69.59,1008.66,61.81,436.89
21.42,43.79,1015.76,43.08,462.19
25.23,61.86,1013.0,76.18,441.48
14.56,40.69,1015.48,73.73,469.31
12.68,40.73,1017.66,92.08,465.94
25.32,61.25,1011.56,80.1,436.67
11.71,40.05,1014.49,86.09,471.49
23.84,59.87,1019.11,59.59,441.94
27.01,43.77,1011.18,46.58,440.64
17.99,43.72,1008.64,75.04,453.02
13.38,40.12,1013.92,96.96,468.15
10.93,39.22,1019.44,64.94,473.27
29.74,70.32,1008.1,52.72,432.69
21.09,46.63,1013.03,74.8,453.34
26.02,74.78,1010.04,72.78,439.82
19.05,59.21,1017.99,89.53,451.0
10.69,36.71,1022.08,83.28,472.81
14.54,39.39,1013.87,76.39,470.23
26.02,71.94,1009.38,64.12,435.21
11.31,42.02,1001.18,94.86,471.26
14.05,40.69,1015.66,74.39,470.9
17.37,57.76,1016.0,86.59,456.4
9.08,36.71,1025.07,81.32,479.02
21.85,63.86,1020.16,68.84,445.62
12.15,43.71,1025.78,93.69,472.59
21.67,60.84,1017.93,81.63,442.33
30.98,67.45,1015.18,45.4,433.59
13.18,40.03,1017.75,82.29,470.88
8.51,40.78,1023.51,89.84,471.11
29.97,70.32,1007.44,53.26,428.42
27.5,65.59,1011.23,65.37,441.27
23.39,63.21,1011.91,84.57,448.3
18.97,44.85,1014.86,46.31,466.17
26.52,73.21,1002.3,95.38,437.02
15.22,50.88,1014.19,100.12,460.44
23.3,48.78,1018.17,75.36,441.08
27.61,69.68,1012.79,77.01,438.31
25.25,62.91,1012.51,62.64,443.14
17.1,49.69,1005.53,81.82,457.32
8.39,36.24,1013.39,89.13,480.69
20.25,57.76,1016.28,77.76,452.66
30.19,64.79,1017.22,42.47,438.41
9.64,39.85,1012.9,83.82,478.37
18.27,50.16,1011.07,95.91,451.76
24.19,50.23,1015.73,59.77,458.31
21.86,60.27,1016.06,90.48,446.31
16.77,45.01,1013.47,81.42,458.22
7.76,42.28,1008.52,83.31,483.8
27.15,59.21,1013.49,51.71,440.27
22.97,64.15,1021.0,70.61,450.07
22.98,69.84,1005.55,84.1,437.49
31.01,67.69,1005.06,46.16,426.64
23.48,64.15,1021.08,57.77,450.89
27.55,73.68,1013.62,81.13,431.86
13.08,39.82,1012.27,85.21,476.96
13.95,71.14,1019.76,75.51,461.18
13.32,41.7,1020.22,88.3,451.93
20.34,59.8,1015.18,80.21,453.54
28.33,78.92,1011.15,70.04,432.67
23.04,64.27,1014.29,80.23,439.67
7.72,41.14,1025.11,96.75,478.34
21.57,69.23,1011.94,81.73,437.55
16.3,39.63,1004.64,85.61,464.11
12.76,43.7,1015.13,65.34,475.73
18.74,44.34,1019.4,55.16,468.84
18.99,44.58,1018.29,54.71,468.35
23.2,61.02,1009.63,79.45,443.23
12.07,41.17,1013.54,71.32,479.28
30.58,70.04,1010.4,48.16,431.59
20.52,57.76,1017.03,81.19,453.64
12.33,37.73,1022.46,59.3,470.11
31.84,71.37,1003.51,46.22,432.04
21.47,70.32,1011.72,88.36,440.0
16.59,39.54,1007.97,70.58,464.19
15.52,36.99,1006.86,89.7,467.9
23.72,70.47,1010.65,75.39,438.5
6.16,39.48,1004.85,59.68,484.55
10.75,45.01,1018.73,93.16,471.47
14.19,43.71,1024.38,83.03,467.8
12.19,41.17,1019.43,65.47,475.64
15.11,56.03,1020.27,89.95,462.65
12.54,40.1,1015.73,84.29,475.02
31.19,70.94,1007.29,51.91,436.6
19.38,63.56,1013.13,83.54,452.01
16.57,53.82,1015.17,63.69,462.52
27.16,56.85,1012.07,39.05,437.4
14.54,43.14,1010.26,82.98,465.45
18.26,59.15,1012.04,86.01,451.09
12.3,39.85,1012.59,73.38,476.42
31.24,74.22,1007.74,48.77,430.44
21.69,69.94,1010.7,80.8,443.67
24.96,68.12,1011.27,70.22,437.62
15.87,39.31,1009.95,66.78,460.59
19.08,41.1,1001.96,62.77,458.94
28.07,70.32,1007.17,67.02,430.29
7.26,40.69,1020.43,90.22,474.91
14.97,43.67,1011.13,87.33,465.54
11.04,41.74,1022.6,77.51,477.2
18.14,49.78,1002.95,100.09,451.44
7.11,39.9,1008.82,87.76,484.21
8.31,40.46,1020.07,78.18,476.72
14.86,37.85,1010.58,86.8,467.71
21.04,45.09,1014.19,40.62,450.92
21.04,54.2,1012.26,85.61,443.41
29.25,69.13,1010.27,67.35,426.29
13.5,45.51,1015.33,86.95,469.08
18.85,48.06,1012.52,67.88,451.77
9.26,41.66,1016.87,73.32,483.51
31.25,68.94,1005.99,49.61,434.51
15.42,37.85,1009.89,85.8,467.33
27.71,66.93,1016.85,58.77,447.06
19.06,50.16,1011.36,99.64,449.74
20.4,57.85,1011.14,92.47,450.07
21.24,41.67,1012.6,49.27,459.81
25.06,62.39,1008.09,82.56,438.31
15.11,43.13,1014.99,46.91,466.74
10.12,40.0,1021.15,91.67,479.62
24.49,68.61,1010.56,64.03,447.57
10.44,39.04,1023.99,85.03,480.34
18.22,45.09,1013.62,75.56,454.74
11.82,42.86,1014.12,88.28,476.7
30.15,69.88,1007.2,73.67,434.75
22.58,52.3,1009.04,78.99,445.6
21.71,61.45,1010.97,91.62,445.72
17.65,62.1,1019.63,84.3,452.2
21.36,59.54,1007.99,92.62,446.09
31.18,69.04,1008.19,49.72,441.26
22.47,48.6,1002.33,63.23,445.98
18.12,63.09,1019.32,89.21,449.65
21.92,61.87,1009.68,58.83,445.52
30.72,71.58,1009.98,50.39,430.46
14.95,43.52,1022.43,94.75,464.98
10.62,42.02,999.83,96.66,472.41
25.85,75.08,1006.24,57.73,444.63
31.45,68.27,1007.56,64.79,430.81
8.21,38.91,1015.82,88.99,481.32
18.62,44.06,1017.76,64.59,452.82
17.82,49.15,1020.73,70.25,457.35
10.62,39.96,1025.37,96.64,470.8
30.93,61.5,1009.81,41.46,437.35
17.76,42.42,1009.09,66.26,468.27
32.36,73.91,1003.88,59.84,431.92
19.8,57.25,1010.84,88.9,451.75
10.11,41.62,1017.17,97.82,463.57
23.59,47.43,1006.64,48.92,447.36
29.17,64.79,1016.43,61.05,441.2
29.38,69.68,1011.35,49.25,430.2
21.4,68.28,1008.2,60.34,450.22
16.29,44.34,1019.49,59.36,468.8
21.04,65.46,1017.22,63.02,452.12
14.66,42.77,1019.37,79.79,463.6
22.21,45.01,1012.22,54.84,450.6
21.1,62.66,1011.19,83.49,448.8
10.31,39.82,1012.87,88.71,480.61
15.69,44.6,1014.06,61.51,462.07
12.28,40.92,1023.23,89.14,460.33
23.45,66.25,1009.1,90.28,443.44
11.49,44.2,1018.79,91.14,475.51
26.96,69.45,1013.89,51.47,436.69
28.62,69.98,1013.3,68.53,432.11
33.41,77.95,1010.3,59.72,432.9
23.2,49.3,1003.4,79.77,440.75
23.88,54.2,1012.81,64.52,444.97
23.68,68.3,1017.93,84.16,438.65
25.64,68.14,1005.48,56.11,437.63
16.31,42.28,1007.45,77.77,466.49
13.93,44.21,1022.26,82.4,469.12
13.34,40.8,1026.56,64.85,474.47
20.08,62.52,1017.99,75.74,450.98
18.81,61.87,1009.71,70.47,448.49
13.03,39.52,1016.68,83.09,473.99
26.94,62.91,1011.68,41.3,449.1
22.6,69.84,1006.37,79.59,435.13
25.45,63.76,1009.96,67.78,439.56
11.72,39.18,1024.19,68.53,468.98
13.45,41.49,1020.19,88.72,467.3
31.59,62.7,1009.3,50.16,442.58
14.54,46.18,1015.29,94.48,463.03
18.96,44.58,1016.66,71.95,461.96
9.87,41.82,1033.04,68.57,475.58
19.69,56.65,1020.84,72.14,455.07
8.63,43.79,1016.08,83.25,483.91
25.59,65.46,1014.47,37.89,444.9
24.54,60.23,1011.55,72.78,445.25
10.1,41.58,1021.26,94.06,468.19
15.4,41.16,1005.34,80.22,465.16
29.04,62.26,1010.63,56.6,433.97
27.88,63.87,1017.79,40.0,443.24
10.14,42.02,1003.19,96.51,472.17
6.94,39.61,1017.74,81.43,480.07
10.82,37.5,1009.23,96.62,473.9
12.65,44.0,1023.03,88.73,471.46
19.54,44.57,1007.19,78.93,450.54
15.65,54.3,1018.0,69.66,461.69
21.34,59.8,1016.92,77.06,450.74
26.38,49.5,1012.82,37.19,457.81
32.81,75.08,1005.09,42.0,433.37
5.78,45.87,1012.65,88.8,483.27
25.9,48.92,1009.82,35.42,443.8
29.42,71.32,1002.26,67.13,437.47
25.2,63.76,1009.78,64.96,438.15
22.67,60.77,1017.56,79.43,444.43
16.81,42.86,1013.83,77.11,464.36
21.4,44.57,1005.7,73.09,445.09
30.38,74.16,1007.44,74.77,432.84
32.82,68.31,1010.44,41.85,441.06
18.41,42.44,1012.66,65.93,463.2
11.95,40.69,1015.62,85.34,475.4
15.62,40.12,1013.03,96.26,462.59
8.01,41.66,1014.49,76.72,485.13
34.6,64.96,1003.3,34.32,427.65
29.22,75.23,1010.49,48.73,438.57
17.1,62.1,1020.39,93.63,453.4
30.16,69.34,1007.67,57.69,433.54
7.36,41.01,1024.9,97.88,476.8
22.12,60.77,1018.01,83.87,443.97
24.66,58.86,1013.86,56.39,444.42
15.71,44.06,1018.34,71.69,465.05
20.4,54.9,1016.68,64.26,452.56
12.25,41.38,1021.81,59.0,474.77
30.28,70.98,1007.51,74.28,432.64
23.3,52.84,1003.97,72.16,439.49
13.98,44.58,1016.48,77.59,473.01
29.25,66.51,1015.53,33.65,441.7
24.63,63.9,1014.53,75.24,440.23
9.77,34.69,1027.72,74.98,477.51
9.41,39.61,1016.14,78.38,477.34
25.3,71.58,1010.18,87.36,433.97
17.31,44.71,1017.43,35.4,463.05
19.65,51.3,1014.81,90.23,452.5
31.97,79.74,1007.03,55.84,435.99
32.23,69.13,1000.61,55.1,426.9
23.42,58.79,1009.74,81.54,441.46
25.34,71.06,1007.74,92.52,434.86
32.0,71.85,1008.44,53.59,427.95
21.83,41.1,1001.91,41.79,453.38
18.28,44.71,1016.99,33.71,462.28
7.92,39.54,1011.51,84.41,481.44
28.84,74.67,1016.52,67.43,428.98
23.46,73.18,1012.07,88.14,438.62
28.85,66.54,1010.73,43.27,437.79
20.55,46.21,1013.21,73.18,448.66
10.56,41.54,1019.92,78.95,479.33
26.71,77.95,1012.13,77.5,433.47
28.86,49.3,1003.93,52.85,435.75
27.31,59.54,1006.24,71.99,440.13
24.72,77.54,1008.39,81.03,438.52
14.39,44.84,1023.55,91.14,464.15
23.55,62.96,1020.16,70.16,447.65
29.87,73.91,1004.53,74.3,431.8
22.43,63.21,1012.06,84.75,447.98
13.56,40.75,1016.05,74.64,474.26
20.79,68.28,1001.42,76.77,445.83
9.46,42.28,1008.67,78.16,481.95
20.54,69.05,1001.6,79.62,442.86
20.8,50.9,1012.07,73.16,457.0
28.5,72.99,1007.02,67.13,433.24
24.6,63.94,1012.87,80.28,439.63
10.59,42.49,1009.59,77.36,477.49
29.46,71.94,1006.96,62.26,428.54
22.49,71.29,1008.24,75.8,442.58
25.21,49.82,1016.44,63.14,450.75
19.46,47.03,1013.9,88.86,460.57
14.26,40.92,1022.07,73.96,460.38
14.81,42.77,1017.83,75.09,463.06
12.95,41.38,1021.97,53.83,474.46
19.92,63.31,1015.02,82.71,443.54
26.08,52.3,1007.03,63.34,442.44
14.79,39.52,1017.95,71.97,469.47
21.19,50.16,1005.81,84.27,450.33
28.52,57.82,1004.81,57.82,435.4
10.71,39.61,1018.72,73.66,473.77
7.51,43.02,1014.35,86.46,485.38
25.28,70.32,1006.91,81.74,431.43
31.17,70.98,1007.19,67.34,431.01
9.98,41.54,1019.7,80.79,480.26
14.26,44.47,1028.81,72.19,465.77
16.4,38.01,1022.2,73.05,463.79
24.66,63.73,1011.4,74.52,444.37
8.57,39.69,1000.91,99.9,474.29
26.27,59.44,1012.23,58.77,443.67
11.28,43.41,1017.91,81.03,471.42
24.42,63.07,1011.49,67.39,444.72
26.35,49.5,1012.67,41.34,458.41
23.57,63.91,1011.65,80.74,441.93
14.66,41.76,1022.12,78.13,463.6
27.01,69.75,1009.78,81.29,442.57
17.34,45.01,1013.22,77.71,459.01
29.99,74.9,1003.84,64.43,435.87
11.54,40.05,1014.78,87.05,474.29
27.76,69.4,1004.27,72.25,430.68
20.24,56.53,1020.29,77.75,455.25
17.01,44.2,1019.18,61.23,457.26
11.64,40.1,1015.5,87.05,477.2
8.42,40.64,1022.35,96.38,476.29
32.12,69.98,1013.31,54.3,429.86
24.49,70.79,1005.51,88.65,430.54
25.45,67.83,1009.47,57.97,429.95
11.02,40.71,1020.3,86.64,469.31
7.71,40.77,1021.93,87.04,482.19
29.19,65.71,1013.85,50.5,444.49
10.73,44.92,1025.1,85.4,476.81
29.64,69.51,1012.13,44.65,428.69
9.63,41.14,1027.99,87.89,469.73
30.91,69.75,1010.23,59.36,435.7
13.91,39.35,1014.69,75.51,469.02
32.9,68.51,1012.95,50.09,430.23
25.71,71.14,1010.02,66.39,432.46
30.93,70.83,1010.61,46.13,440.59
5.89,39.48,1005.11,59.83,484.91
18.42,60.1,1009.77,86.75,451.93
15.83,45.01,1013.39,81.9,460.22
26.94,59.87,1011.66,58.34,448.6
24.32,65.48,1017.55,59.02,443.31
24.43,61.25,1011.66,85.24,436.05
16.74,41.16,1006.87,74.24,463.0
19.4,64.63,1020.38,81.1,453.84
14.37,40.56,1021.67,68.18,470.19
30.7,71.58,1010.0,48.96,429.27
25.37,66.75,1017.94,79.26,434.16
16.14,44.71,1014.83,39.41,468.88
11.8,40.66,1017.13,97.2,464.43
28.09,65.27,1013.27,51.96,440.0
23.23,71.77,1005.01,88.1,432.8
13.83,41.49,1020.11,87.29,469.57
11.33,41.5,1013.58,88.7,475.01
13.65,42.74,1026.58,71.48,468.87
11.97,41.04,1026.42,70.75,468.81
26.54,71.98,1005.8,91.16,431.78
13.32,43.22,1009.45,75.3,466.83
25.18,62.96,1020.04,59.08,444.37
6.91,36.08,1021.82,84.31,486.37
17.67,53.16,1013.59,83.31,457.99
10.73,25.36,1009.35,100.15,469.43
22.42,59.43,1007.12,90.56,440.99
16.61,50.9,1013.18,85.26,460.35
25.62,58.82,1010.02,70.31,444.14
7.19,40.81,1015.22,85.65,487.15
22.03,64.69,1007.21,75.75,440.92
29.2,64.84,1009.94,55.37,441.9
25.31,74.33,1015.04,79.88,436.21
25.7,69.45,1013.86,56.91,437.04
14.2,43.02,1012.18,57.07,470.67
30.07,69.82,1010.39,57.53,437.38
12.34,40.1,1015.77,92.26,470.92
24.56,60.27,1017.63,74.5,440.31
15.95,49.25,1019.04,88.51,463.4
16.45,41.48,1016.64,45.21,454.69
14.04,39.64,1011.09,87.22,472.31
21.41,59.43,1010.27,74.54,442.85
17.78,50.66,1015.09,91.9,456.11
20.73,69.94,1009.9,82.12,445.91
24.91,52.3,1008.72,68.26,441.15
13.48,40.73,1017.59,94.81,463.6
27.86,63.07,1011.11,56.81,440.48
22.49,69.84,1006.78,73.76,437.57
6.9,39.81,1016.74,88.24,481.88
25.21,65.34,1013.94,65.04,446.68
14.33,38.73,1003.52,85.92,468.86
20.16,57.76,1019.34,72.1,455.13
12.19,40.05,1014.77,84.39,473.92
25.87,59.43,1008.34,65.83,440.26
20.54,59.39,1014.07,84.15,445.41
13.52,40.83,1008.31,84.14,471.95
6.69,43.65,1020.14,69.55,482.57
15.43,39.64,1008.58,87.99,464.05
29.97,69.14,1007.92,66.74,433.82
16.97,39.16,1005.7,69.13,458.59
30.78,73.67,1005.97,58.7,427.15
25.71,52.84,1006.32,53.29,445.54
9.75,40.81,1026.0,84.44,481.95
21.53,70.02,1010.33,95.95,440.93
12.41,40.96,1023.36,78.96,473.59
9.07,36.3,1015.26,56.81,479.98
27.26,73.18,1012.58,74.83,429.92
25.38,70.94,1007.87,73.59,446.31
27.25,50.05,1006.53,60.64,439.63
25.5,58.79,1016.02,64.4,440.01
25.26,61.08,1013.68,71.72,447.46
30.74,71.77,1006.24,53.38,434.89
23.39,69.13,1010.99,90.66,434.5
14.5,39.0,1017.04,75.75,465.32
13.83,39.64,1012.52,69.97,472.95
20.32,44.6,1015.16,36.35,460.21
17.55,43.14,1018.86,76.0,461.58
25.64,63.87,1017.14,49.25,444.34
23.95,66.48,1003.55,73.68,431.87
30.05,73.68,1014.95,70.6,434.92
7.91,37.8,1020.59,61.0,483.49
23.51,57.32,1012.55,53.6,444.58
27.16,59.87,1011.78,58.84,446.38
16.7,46.18,1012.6,96.15,455.93
29.28,77.17,1009.4,76.3,433.14
29.1,73.9,1007.47,59.48,436.56
18.83,48.98,1016.33,74.23,453.28
18.22,39.63,1005.11,79.0,465.78
13.64,43.71,1024.41,84.46,468.85
10.07,41.39,1019.89,70.53,480.54
9.45,36.71,1024.24,83.28,476.02
25.81,66.51,1016.53,62.19,437.57
17.14,44.2,1018.91,62.18,457.02
22.67,68.08,1013.0,66.59,443.79
8.75,40.22,1008.96,90.53,482.8
13.93,44.9,1022.15,85.93,470.59
24.39,70.72,1009.78,82.25,442.04
26.73,68.84,1010.75,66.83,440.45
27.48,61.41,1012.2,45.06,452.24
29.17,72.99,1006.86,64.92,430.59
6.77,39.81,1017.01,87.68,488.27
21.26,50.32,1008.41,87.22,446.22
12.32,41.62,1012.88,88.88,464.72
14.45,52.75,1023.97,63.59,459.85
27.38,70.04,1011.18,72.26,428.88
25.21,59.21,1017.37,55.06,445.33
7.64,41.17,1020.01,75.14,488.53
25.21,75.6,1017.19,69.84,445.84
17.32,45.0,1022.19,40.45,469.38
23.83,71.37,1002.04,64.78,443.29
8.16,39.64,1011.21,85.56,481.78
7.99,41.38,1021.95,78.77,487.57
22.61,45.38,1013.92,62.91,459.53
13.06,44.2,1018.95,85.68,469.02
12.66,40.35,1011.37,82.77,473.11
28.32,47.93,1003.26,54.5,439.5
12.42,38.25,1012.76,82.23,472.3
13.49,44.63,1019.12,70.02,471.08
12.5,45.51,1015.8,82.82,469.69
14.8,58.2,1018.29,85.11,455.14
16.72,44.34,1019.26,63.77,465.89
9.7,40.11,1026.61,75.48,473.97
11.84,40.05,1014.54,86.78,473.82
31.26,68.94,1005.94,39.49,438.03
35.56,68.94,1006.56,38.75,429.69
11.39,43.72,1010.91,98.83,467.8
7.24,38.06,1020.6,85.36,481.83
32.21,68.14,1003.34,62.44,426.56
11.01,42.02,995.24,98.62,473.96
12.31,44.78,1011.15,77.34,468.29
19.73,69.51,1013.14,61.84,450.99
9.53,44.03,1008.87,89.99,471.23
12.76,40.27,1006.58,49.34,474.03
32.33,69.68,1011.95,39.89,439.79
17.18,63.09,1020.67,93.58,451.37
6.25,40.07,1020.19,65.24,494.39
22.34,63.73,1014.37,83.19,444.39
12.57,39.16,1016.53,88.91,476.2
20.71,58.79,1017.48,86.67,444.39
25.99,63.07,1012.5,64.81,442.16
8.25,37.49,1009.02,81.09,480.38
19.04,50.12,1010.53,100.09,446.59
19.83,51.19,1008.13,91.29,449.0
10.8,40.69,1014.3,87.44,478.19
6.07,38.91,1019.25,83.39,483.56
20.68,42.04,1010.2,63.43,464.14
28.29,68.67,1005.46,69.22,436.4
10.19,44.63,1020.58,91.64,472.45
28.4,59.27,1012.03,59.75,441.64
13.8,39.82,1012.37,83.69,473.56
12.18,40.1,1016.67,91.87,471.49
14.1,44.92,1023.95,89.5,467.22
26.65,73.18,1012.27,83.12,437.7
23.68,68.12,1011.18,72.45,441.54
22.22,59.14,1017.32,83.41,442.31
10.37,37.5,1013.19,79.25,473.1
28.4,74.93,1013.65,48.6,442.23
10.57,36.71,1022.62,80.49,473.88
23.89,48.41,1010.48,62.31,441.83
26.7,66.56,1005.31,71.97,430.21
7.4,41.04,1024.44,90.9,477.69
26.23,63.56,1013.57,65.81,440.8
9.51,40.46,1018.84,70.12,471.32
25.1,74.87,1010.01,79.41,439.93
20.0,39.53,1007.59,62.09,456.28
23.55,65.94,1011.76,58.44,443.98
24.27,60.37,1005.13,77.16,437.78
23.55,58.79,1010.78,78.47,447.01
24.82,59.27,1012.76,72.34,444.81
5.05,35.57,1027.03,80.02,491.4
13.76,45.08,1023.77,80.48,469.74
26.54,71.14,1007.52,72.04,431.31
25.09,58.95,1016.99,53.16,443.26
27.39,67.07,1006.17,58.2,441.45
12.65,41.93,1023.07,65.05,479.53
23.34,73.5,1011.43,89.74,441.14
23.09,70.47,1010.76,79.89,439.36
22.02,64.45,1012.57,47.87,454.9
21.0,70.02,1010.22,95.11,447.29
19.23,41.67,1012.53,48.86,465.66
33.27,66.44,1010.63,43.47,430.11
11.6,39.1,1009.81,100.09,460.7
24.62,72.24,1011.39,83.94,432.13
11.8,42.34,1020.25,93.54,466.52
5.84,43.02,1013.88,87.42,489.05
30.35,77.17,1009.55,63.62,432.75
15.17,49.15,1021.91,91.73,461.89
25.15,66.49,1012.71,63.46,436.0
9.25,41.82,1033.25,74.73,478.48
23.02,59.21,1011.74,83.18,440.5
19.86,59.14,1016.12,69.32,449.82
18.99,62.1,1020.0,76.76,453.09
21.04,50.32,1008.41,90.19,446.33
9.22,40.92,1021.83,85.43,474.51
19.2,54.2,1011.46,84.44,450.75
28.44,67.07,1006.08,50.42,433.15
23.01,66.54,1009.86,64.53,442.47
30.1,67.45,1014.23,39.04,434.01
16.49,49.39,1018.1,93.13,461.54
28.26,65.34,1014.56,43.4,441.03
25.55,71.64,1009.09,79.35,439.37
12.72,44.9,1007.6,71.8,463.49
27.91,72.24,1010.74,70.8,430.73
9.59,38.56,1017.52,61.89,481.05
19.62,68.63,1012.26,68.05,453.84
16.71,46.18,1011.61,95.82,459.4
17.57,46.21,1014.09,80.81,453.29
9.95,43.56,1014.85,82.62,477.88
20.6,45.38,1014.93,75.78,460.24
25.59,73.5,1011.19,81.52,435.48
23.22,63.07,1012.91,77.59,446.62
8.83,41.26,1023.04,86.08,478.87
26.08,70.32,1012.32,89.0,434.24
18.59,43.14,1011.92,52.63,464.48
20.06,60.77,1017.19,88.73,447.35
22.69,65.12,1016.35,72.02,446.91
25.77,59.39,1014.76,69.99,438.64
23.88,51.95,1005.37,75.25,449.52
9.45,41.4,1027.06,87.35,479.0
22.3,44.57,1008.48,67.58,449.74
14.96,41.76,1024.07,73.17,463.26
23.7,66.56,1002.07,85.19,436.94
24.44,52.84,1006.39,49.05,440.2
12.89,48.14,1017.48,83.95,463.77
13.6,42.86,1013.37,87.52,472.27
23.34,45.61,1012.73,74.09,455.82
28.18,60.07,1016.34,49.13,441.61
20.27,63.56,1014.24,86.55,446.93
20.36,56.53,1020.25,72.96,455.34
23.42,73.17,1012.07,88.39,438.22
30.08,67.25,1017.6,53.09,434.01
6.14,38.5,1012.4,75.35,489.26
27.36,48.6,1003.18,54.93,436.06
17.92,50.66,1012.62,93.0,456.84
21.69,57.17,1011.75,82.63,446.61
23.18,51.3,1012.04,78.64,448.86
21.19,42.48,1013.43,80.52,469.76
23.58,49.3,1003.8,74.62,440.44
11.44,41.39,1019.59,79.95,478.52
33.94,74.67,1015.94,28.16,427.98
24.87,68.61,1011.19,55.69,450.54
30.15,67.32,1013.83,32.8,436.92
12.24,44.9,1020.31,82.22,464.25
8.95,43.56,1015.04,81.53,485.21
5.41,45.87,1008.47,97.51,479.48
26.62,72.43,1006.79,82.74,430.22
24.73,69.94,1006.09,59.15,439.86
22.93,51.19,1009.3,82.8,443.57
19.77,56.65,1020.67,66.33,457.09
14.43,45.08,1023.23,83.98,465.07
18.7,66.51,1015.14,79.23,458.73
31.33,76.86,997.85,64.43,431.44
23.89,64.27,1013.37,75.22,450.82
8.22,41.03,1021.76,82.97,485.5
30.55,70.04,1010.51,49.37,429.56
16.07,47.83,1006.99,86.49,458.18
29.35,69.04,1008.55,61.78,445.04
9.44,43.99,1020.31,98.06,475.01
6.9,44.71,1019.7,71.21,486.3
26.19,69.34,1009.48,87.59,433.99
20.41,50.32,1008.45,93.12,447.06
13.8,44.21,1022.93,83.37,468.97
14.8,44.71,1014.67,41.71,470.77
28.88,71.98,1005.37,74.24,428.61
29.47,71.32,1008.07,67.0,437.14
5.82,40.62,1016.79,85.04,482.67
6.72,39.85,1011.84,84.66,489.09
15.7,44.21,1021.26,86.83,462.19
16.58,43.99,1021.81,79.29,458.67
17.06,52.9,1019.76,80.9,460.82
32.72,69.75,1009.6,49.35,437.99
14.14,39.82,1012.46,81.15,472.52
31.15,67.45,1014.85,42.11,431.97
29.26,67.17,1006.6,70.58,436.42
22.99,56.57,1013.93,78.77,445.44
4.73,41.31,999.77,93.44,486.6
29.56,71.14,1011.42,53.18,432.09
29.3,67.69,1007.17,55.5,430.72
14.44,40.1,1015.51,79.78,468.19
10.77,41.54,1019.94,71.13,477.81
8.46,39.66,1015.14,85.38,484.16
14.56,47.45,1009.52,91.14,451.95
11.41,40.1,1014.27,91.17,476.81
30.24,67.32,1014.07,46.53,437.18
31.95,70.79,1003.8,55.25,426.37
26.39,71.25,999.8,89.12,430.34
11.68,40.55,1017.31,99.82,473.51
27.16,66.44,1011.2,73.37,431.85
11.34,41.54,1020.25,75.83,477.24
26.61,56.85,1012.48,48.84,437.26
30.14,67.69,1006.54,57.05,426.91
22.55,47.45,1008.65,67.9,447.42
13.85,48.92,1011.68,79.24,462.38
13.21,43.71,1024.5,86.59,466.39
8.9,41.4,1030.83,85.63,472.95
25.65,49.3,1003.73,68.48,440.05
19.13,58.66,1013.32,74.86,453.92
29.91,76.86,998.59,72.41,432.6
27.23,66.48,1005.23,52.38,432.55
13.67,54.3,1015.92,75.42,467.87
14.16,44.06,1018.92,76.34,464.91
23.64,70.04,1011.09,83.35,435.21
24.23,56.89,1012.32,68.04,441.29
30.04,68.08,1011.04,51.01,429.52
20.21,54.9,1016.82,66.56,454.23
19.59,66.54,1012.73,85.84,447.16
23.04,74.22,1009.52,90.93,440.32
8.13,71.14,1018.94,86.7,471.99
27.04,48.41,1008.57,60.73,441.21
23.69,65.59,1010.85,88.92,439.66
26.98,72.58,1008.55,78.5,431.12
21.22,59.15,1014.68,59.71,450.96
7.38,41.22,1016.47,96.29,485.73
19.13,59.21,1018.32,89.66,450.81
16.45,44.68,1018.6,85.14,462.66
21.3,48.92,1010.92,65.09,447.89
14.01,38.91,1015.86,69.24,470.1
16.2,65.46,1013.97,89.84,451.86
24.33,68.08,1013.02,64.81,442.93
27.67,59.14,1016.51,61.2,433.37
20.94,44.89,1009.64,75.14,450.71
11.86,39.85,1013.0,66.92,478.29
23.74,63.9,1014.73,81.9,445.47
12.19,40.75,1015.13,88.98,475.36
22.68,70.47,1010.86,82.8,441.47
26.68,59.92,1009.94,70.57,438.67
17.9,48.98,1014.17,80.4,453.02
13.42,41.23,994.17,95.79,468.82
19.18,58.2,1017.46,76.72,453.2
23.44,62.52,1016.46,67.21,447.19
23.4,72.99,1009.48,88.82,438.51
27.92,68.3,1015.02,51.04,437.28
14.6,39.31,1011.11,72.52,464.16
23.69,63.77,1013.39,79.5,444.07
23.04,57.32,1011.23,64.27,442.01
3.99,39.9,1009.74,96.81,490.91
5.41,40.07,1019.16,64.77,495.24
17.63,40.55,1002.27,73.42,462.13
30.15,72.51,1009.37,50.64,443.72
31.73,73.42,1010.8,61.81,430.46
6.93,43.13,1018.61,88.31,486.94
26.76,71.94,1008.81,64.62,432.49
14.5,41.76,1023.94,84.42,464.23
22.86,47.43,1009.75,61.54,452.53
29.82,66.51,1010.98,43.57,439.17
10.91,41.04,1026.57,74.24,469.53
17.45,42.28,1007.64,69.19,463.83
14.95,39.31,1009.15,75.3,462.72
18.74,59.21,1018.3,91.55,449.77
18.87,52.08,1005.25,99.19,449.61
28.71,64.69,1006.52,68.38,435.85
6.86,41.17,1020.12,79.14,490.23
21.96,59.8,1016.72,72.6,452.48
19.67,59.39,1014.07,77.67,447.61
19.51,44.05,1008.52,78.38,451.7
18.18,44.63,1020.41,48.64,455.57
19.55,56.53,1020.2,78.1,455.56
27.14,75.23,1011.47,63.14,439.33
25.52,63.94,1017.81,41.54,440.32
15.82,43.34,1014.52,79.07,460.4
23.1,51.3,1011.93,80.05,452.17
16.18,41.66,1010.01,65.62,465.82
4.15,39.9,1008.84,96.68,491.22
33.01,68.67,1005.2,51.41,433.94
27.47,70.72,1009.97,74.62,443.25
27.66,76.86,1001.31,69.47,436.64
23.25,63.86,1017.82,59.64,445.12
22.61,44.05,1005.69,76.74,443.45
29.65,74.9,1003.22,71.09,433.32
19.79,44.9,1008.66,72.68,455.59
4.24,39.9,1009.28,96.74,491.25
18.21,45.0,1022.86,48.84,467.54
25.57,59.43,1008.88,61.19,438.9
25.01,66.56,1004.55,82.46,434.74
27.59,71.97,1008.64,88.22,437.33
12.41,41.16,1017.45,93.64,464.08
28.35,70.32,1009.22,47.13,427.21
5.99,35.79,1011.56,91.69,484.82
21.57,66.49,1014.76,68.19,455.18
32.98,71.32,1003.67,49.78,433.56
5.78,40.62,1016.55,84.98,484.13
23.14,63.94,1017.49,53.19,446.57
8.24,39.61,1017.99,78.42,477.9
6.5,41.14,1028.15,86.78,480.96
16.42,40.56,1020.36,50.62,472.17
29.34,74.34,998.58,81.55,430.57
31.59,58.9,1003.39,47.6,440.52
14.28,42.74,1028.79,70.67,467.22
8.13,39.96,1026.07,95.84,477.12
15.14,49.64,1023.78,75.0,463.58
15.0,40.66,1016.28,89.62,456.63
25.13,68.63,1013.57,43.44,446.36
17.29,44.06,1016.24,77.56,461.38
7.41,40.71,1023.07,83.32,474.25
23.27,64.15,1020.98,71.18,452.26
14.47,42.86,1031.55,66.73,466.64
29.22,72.39,1000.87,77.39,430.24
20.24,56.03,1019.78,59.8,460.76
8.73,36.18,1013.66,77.74,479.25
24.12,58.66,1011.55,58.96,450.69
15.89,38.73,1001.45,74.37,465.76
18.82,61.27,1019.5,72.23,455.29
14.3,54.3,1015.16,75.29,464.9
25.69,73.18,1012.64,86.35,432.82
11.8,41.2,1017.18,82.71,475.19
11.68,40.55,1022.21,85.76,475.13
23.96,47.43,1008.38,63.55,446.86
24.47,75.23,1012.43,75.25,441.07
20.79,50.59,1017.75,73.35,456.01
27.0,59.15,1013.12,61.39,440.58
3.94,39.9,1008.06,97.49,488.81
31.38,72.29,1008.73,73.27,430.58
27.08,63.78,1015.04,50.8,447.24
10.27,40.64,1020.63,84.6,474.99
11.94,39.28,1017.04,89.88,475.59
23.21,58.66,1012.24,65.31,450.92
26.13,79.74,1005.61,90.27,431.29
31.54,77.24,1007.83,62.98,430.07
19.31,60.07,1014.86,69.37,453.47
29.29,73.18,1012.4,66.65,430.31
25.93,69.34,1008.91,79.43,434.08
20.55,63.86,1015.12,73.98,447.54
9.51,43.79,1016.02,79.81,481.12
31.07,73.5,1010.58,43.66,432.06
29.13,66.56,1006.63,52.85,439.31
23.09,69.71,1009.75,91.35,437.7
17.48,58.95,1016.49,90.35,449.26
19.6,59.21,1017.65,86.29,449.23
26.78,52.3,1008.52,61.23,441.21
25.94,77.24,1007.97,84.82,432.88
29.74,56.9,1007.15,41.91,438.76
24.23,58.79,1009.8,75.75,444.01
8.43,40.6,1015.39,91.81,483.1
9.81,44.45,1021.19,90.55,471.32
22.35,66.44,1011.19,65.41,445.27
11.67,41.93,1019.81,82.58,476.1
22.99,68.67,1006.65,77.62,446.67
17.35,47.83,1006.71,80.57,453.96
19.48,58.66,1013.32,73.16,454.4
18.23,62.26,1011.48,91.35,448.64
25.15,68.51,1013.25,72.31,440.96
28.46,69.75,1009.46,79.75,435.75
24.14,59.87,1018.47,57.76,444.04
6.4,39.9,1007.75,86.55,486.03
14.01,45.08,1023.28,82.49,464.79
10.57,37.73,1024.36,70.29,474.65
26.56,49.02,1007.65,70.78,438.82
27.06,64.45,1008.72,54.21,443.1
16.5,49.39,1018.35,93.42,462.48
7.69,43.02,1014.51,85.23,486.46
13.02,40.1,1014.43,87.32,474.97
22.56,70.98,1005.66,95.95,440.81
20.43,63.09,1016.46,91.78,445.58
28.01,64.69,1007.61,58.45,440.23
30.22,68.3,1014.91,34.9,434.3
9.69,40.46,1019.1,71.91,472.16
22.12,49.39,1019.8,72.83,451.0
32.07,70.94,1006.91,49.9,432.33
23.94,51.95,1008.61,73.42,448.67
13.16,54.3,1017.33,82.43,468.4
17.98,56.85,1012.28,84.52,448.71
14.91,39.28,1014.57,75.23,469.34
12.85,40.92,1023.04,84.04,461.05
13.25,34.03,1018.94,72.1,470.46
22.97,63.94,1010.5,88.47,440.81
12.52,40.24,1020.45,97.41,470.56
31.42,69.13,1009.34,57.16,425.98
24.74,69.13,1010.69,90.08,431.24
18.06,50.16,1009.52,100.09,450.53
27.23,49.16,1004.03,40.8,443.78
13.44,37.85,1009.78,99.13,469.89
13.73,41.92,1031.01,64.92,466.29
14.64,45.0,1021.78,41.25,475.98
27.18,64.79,1016.27,63.7,443.87
22.25,59.8,1016.79,69.02,451.64
25.68,67.79,1010.66,69.51,449.04
18.13,49.39,1021.29,82.52,458.53
26.11,69.84,1002.57,84.99,427.45
25.42,69.71,1009.29,82.5,435.59
18.86,42.18,1001.16,98.58,457.07
26.3,51.43,1012.05,63.62,442.28
17.35,52.72,1026.31,58.01,463.65
33.4,69.98,1013.29,47.78,432.44
24.27,60.23,1011.84,77.8,438.99
21.91,63.76,1009.85,76.8,445.04
12.04,40.1,1014.42,89.65,474.28
27.39,66.93,1017.16,53.75,441.04
21.39,62.96,1019.49,72.24,452.68
17.27,43.52,1021.37,76.73,460.08
12.87,48.04,1012.47,100.13,465.56
15.84,52.72,1026.45,62.57,464.93
22.72,69.13,1010.81,92.43,438.01
28.17,63.13,1012.44,66.61,439.94
14.08,40.1,1015.48,82.81,469.33
19.8,58.79,1017.04,87.71,449.66
23.1,72.99,1008.85,90.54,440.46
30.98,69.82,1009.17,50.63,438.44
15.78,48.6,1007.24,84.23,460.86
17.77,43.72,1009.01,77.7,456.34
29.22,73.18,1012.22,64.91,430.57
14.8,38.73,1003.18,80.73,467.54
27.39,69.14,1008.82,78.35,435.22
15.64,43.71,1024.51,78.31,462.55
9.88,37.83,1005.68,97.61,470.44
18.01,44.2,1018.84,55.72,456.36
14.85,38.91,1014.48,60.98,467.42
16.38,47.45,1010.08,88.86,450.69
26.52,77.17,1008.71,92.32,432.48
22.44,63.47,1012.02,91.08,444.65
9.86,43.56,1015.13,74.89,481.87
21.9,47.43,1006.8,60.48,452.13
22.98,73.17,1011.94,90.13,438.5
13.39,44.85,1017.24,80.44,469.18
9.38,43.7,1015.45,90.47,481.52
24.41,58.59,1012.62,64.52,442.64
22.08,41.1,1002.19,46.69,455.04
18.78,54.2,1012.05,89.25,448.04
19.46,56.89,1014.02,84.95,447.86
19.11,58.95,1017.07,85.49,449.89
25.18,57.5,1015.07,60.76,449.01
7.91,41.79,1021.86,54.92,479.02
21.17,52.3,1009.36,81.51,447.5
27.41,59.21,1013.3,50.93,438.39
10.23,42.07,1017.93,91.1,475.14
29.45,68.27,1007.96,61.63,432.96
16.0,37.87,1020.24,78.41,461.33
19.62,62.96,1020.76,76.53,456.02
10.62,39.64,1010.51,68.55,478.37
26.41,60.93,1007.16,66.02,436.71
8.94,43.13,1014.82,76.66,483.63
16.7,46.18,1011.4,95.51,458.05
29.31,64.84,1010.49,53.97,442.11
24.01,46.93,1013.3,52.24,448.35
23.15,69.48,1011.07,85.83,436.16
14.51,41.79,1009.72,80.62,459.14
3.38,39.64,1011.0,81.22,488.92
23.19,42.67,1007.83,63.31,446.95
30.67,71.29,1008.36,52.08,430.28
25.77,68.08,1010.99,73.58,433.46
24.75,69.45,1013.97,53.49,438.28
14.85,58.59,1014.04,89.85,454.62
23.69,71.97,1009.62,93.03,438.62
20.79,57.32,1012.47,70.09,446.18
16.0,44.9,1020.5,80.89,461.5
13.1,40.55,1007.59,95.46,472.37
17.48,43.14,1018.68,74.85,459.59
6.49,35.57,1025.4,79.67,486.8
28.75,77.24,1008.92,77.17,433.03
34.53,73.03,1013.53,36.74,437.03
19.15,59.21,1018.41,88.9,450.26
12.77,41.5,1014.13,86.8,470.68
31.09,59.57,1010.67,60.5,440.08
12.29,40.03,1017.62,89.64,472.65
25.76,65.48,1017.82,54.77,441.14
20.86,57.32,1010.24,76.64,446.48
9.79,39.69,1002.36,93.86,471.61
27.46,69.98,1013.28,63.73,435.36
21.47,57.19,1006.45,75.8,448.31
9.47,40.81,1026.44,91.87,479.96
29.28,74.33,1011.66,72.37,426.53
24.43,47.45,1007.68,65.18,446.45
10.34,41.46,1017.75,89.73,478.03
13.92,39.39,1012.94,80.52,471.81
20.76,51.19,1009.0,87.23,445.0
9.52,39.61,1021.18,73.78,478.79
25.44,66.54,1011.9,56.76,437.99
25.16,43.21,1011.73,88.69,442.29
9.59,38.56,1017.01,60.1,481.3
7.94,42.02,1006.22,90.97,480.53
5.97,36.25,1029.65,86.74,487.03
10.54,42.02,997.5,99.77,472.64
28.69,67.25,1017.71,53.83,432.21
13.11,41.58,1020.43,74.32,460.44
7.5,38.06,1021.96,83.45,485.98
28.68,70.72,1009.43,71.33,435.45
10.51,44.78,1012.59,85.29,474.77
27.33,73.18,1012.26,82.18,429.38
10.62,39.64,1010.65,62.15,477.07
26.77,74.22,1008.87,74.68,434.35
28.29,61.86,1011.87,64.17,438.25
7.6,41.04,1021.82,88.97,475.32
18.12,58.95,1017.82,86.16,449.28
8.46,40.8,1023.57,81.27,485.06
23.74,52.3,1008.88,76.34,444.4
22.68,50.78,1008.83,70.3,447.69
16.7,50.66,1014.86,94.87,457.74
29.94,65.74,1012.4,46.94,440.54
32.14,68.31,1010.48,42.15,436.15
6.26,41.31,1002.04,87.54,485.57
6.79,39.37,1019.79,72.39,487.3
26.85,75.6,1017.43,74.55,433.48
23.2,48.41,1008.64,80.92,444.69
14.95,43.72,1010.28,93.62,459.31
16.82,41.66,1010.49,63.14,465.64
26.12,63.31,1013.97,51.6,439.77
11.06,37.92,1008.76,67.32,473.16
9.68,41.44,1015.19,87.34,479.89
11.03,42.32,1017.26,90.56,470.92
11.95,39.82,1013.4,92.51,474.56
25.32,48.41,1008.47,72.14,443.04
26.79,77.95,1009.9,80.22,437.91
10.54,34.03,1018.71,74.0,478.77
6.76,36.25,1028.31,91.16,484.36
12.81,45.51,1015.46,79.97,469.27
6.06,41.17,1019.67,84.7,489.62
21.19,55.5,1019.83,65.22,455.93
33.96,68.94,1006.93,47.39,427.06
27.04,69.98,1008.5,75.41,433.25
14.15,39.28,1013.5,77.63,471.23
11.45,40.8,1027.74,78.6,476.28
25.37,44.89,1009.27,63.06,442.38
24.54,58.66,1011.63,57.62,448.11
20.06,47.03,1013.66,83.23,461.02
24.41,52.3,1006.28,70.33,442.62
22.35,63.47,1013.21,82.52,440.11
14.22,42.32,1015.54,77.23,465.0
28.18,73.88,1005.89,75.41,434.48
24.19,47.45,1008.26,64.25,446.3
25.65,78.92,1010.83,86.56,434.78
17.86,52.9,1015.71,67.99,457.42
25.24,68.67,1006.76,76.95,442.29
14.48,39.0,1016.75,75.97,464.56
11.2,37.5,1013.81,72.81,472.2
26.24,70.36,1005.4,82.43,437.31
27.98,58.33,1013.92,54.25,437.76
19.4,39.53,1007.96,63.38,457.17
27.02,71.77,1006.38,72.1,428.1
22.56,62.26,1012.11,63.16,445.33
25.48,58.95,1017.02,51.16,440.42
16.36,44.88,1018.34,76.0,468.53
8.06,39.96,1024.23,94.48,476.03
17.34,44.78,1007.81,56.38,454.97
8.13,39.99,1011.71,87.89,486.19
29.75,70.32,1007.35,55.8,427.2
18.68,56.65,1020.38,80.26,455.79
8.28,40.77,1011.55,89.79,480.15
31.15,66.25,1008.89,61.08,437.55
20.04,49.39,1020.62,78.84,449.63
13.21,41.2,1016.63,74.1,474.26
12.38,44.2,1020.23,81.5,467.04
3.38,41.31,998.79,97.76,489.11
14.6,42.32,1015.71,77.03,464.67
26.52,65.06,1013.4,51.78,439.66
14.8,40.2,1012.87,88.35,466.27
29.69,47.93,1002.85,44.76,438.09
21.43,46.97,1013.94,61.25,457.68
26.91,74.99,1005.64,78.98,437.06
13.08,41.74,1020.75,64.44,474.81
23.03,59.04,1011.85,81.24,444.85
12.97,49.83,1008.69,91.49,452.07
14.01,39.0,1016.73,79.23,466.7
8.86,40.8,1028.18,91.0,483.36
30.2,69.59,1008.9,67.32,434.66
21.69,44.57,1005.84,71.53,447.88
24.73,71.14,1009.07,68.87,437.55
28.68,73.77,1004.72,87.01,431.66
15.55,42.03,1017.41,74.58,460.84
12.57,39.3,1019.57,72.44,473.67
23.1,70.79,1006.53,90.81,434.58
30.56,72.39,999.96,69.81,430.85
20.06,44.9,1008.79,70.06,448.51
25.56,75.6,1017.37,69.31,442.2
19.78,50.32,1008.62,96.4,449.23
10.05,40.71,1015.51,84.21,471.68
4.83,38.44,1015.35,72.94,485.32
8.53,40.77,1009.85,90.95,481.03
7.47,40.64,1020.47,94.8,478.08
24.11,66.51,1015.35,56.01,437.21
31.94,74.99,1002.05,34.12,440.17
28.8,74.9,1003.48,75.01,434.01
23.56,67.79,1010.14,89.72,441.29
22.85,60.29,1017.29,61.92,448.58
8.02,41.92,1029.8,92.05,467.21
22.99,46.21,1010.71,60.11,444.36
13.05,34.03,1018.31,64.99,472.69
20.14,46.93,1014.66,64.22,453.99
26.04,68.08,1010.82,75.58,430.32
26.35,64.05,1009.81,81.24,433.63
8.47,40.46,1019.87,78.19,475.06
25.94,66.49,1012.83,61.81,433.38
7.0,38.08,1020.27,77.67,482.38
16.73,58.59,1015.02,89.61,455.3
27.32,73.42,1012.07,86.3,432.74
30.97,67.9,1005.98,55.6,428.26
14.47,44.66,1016.33,93.52,464.41
27.96,77.24,1007.23,78.51,433.35
11.74,40.71,1020.64,82.15,470.05
26.26,63.73,1010.45,70.61,442.18
7.81,40.71,1023.32,82.08,475.46
24.49,65.46,1015.77,44.95,445.27
16.69,46.18,1010.8,96.8,466.03
8.77,40.46,1019.68,77.84,475.0
6.65,39.33,1011.29,92.85,490.41
29.28,75.08,1005.21,59.0,436.15
24.77,58.41,1013.78,80.57,446.27
15.01,43.56,1014.65,61.82,465.84
19.82,58.16,1016.76,74.66,455.5
18.2,49.39,1018.83,96.3,455.86
18.34,44.63,1000.76,89.27,455.22
10.82,41.55,1004.55,65.14,475.44
29.53,70.79,1003.7,60.89,426.85
17.8,43.72,1008.71,78.5,458.92
25.67,74.78,1010.24,68.87,440.48
30.1,66.25,1009.38,65.41,434.99
20.61,63.86,1015.43,73.86,446.34
31.27,73.91,1003.72,68.92,430.59
19.84,56.89,1013.23,78.32,447.92
8.58,38.38,1021.03,84.37,482.26
21.1,49.16,1006.76,86.08,442.78
19.92,38.52,1018.15,60.68,451.16
24.64,58.49,1011.2,72.67,444.95
15.5,49.25,1021.41,77.92,453.99
25.53,62.96,1019.81,59.7,444.38
25.3,70.98,1007.22,95.1,440.86
22.62,51.3,1012.36,81.02,448.27
11.75,71.14,1019.36,75.68,466.56
27.36,58.33,1013.86,56.7,439.14
30.22,74.9,1003.57,67.15,434.17
10.77,41.44,1016.72,75.27,479.19
28.97,67.9,1006.19,65.81,434.7
8.36,40.22,1011.6,89.18,484.66
22.74,61.02,1009.56,79.41,445.56
28.14,51.43,1012.16,52.67,445.33
24.28,68.31,1009.94,77.08,440.07
23.36,62.52,1016.18,68.18,448.37
28.54,71.94,1007.4,65.99,430.91
27.49,63.76,1010.09,62.8,436.73
5.1,35.57,1027.17,80.49,489.96
26.32,69.71,1009.39,67.05,441.25
12.82,41.58,1020.37,81.06,464.07
13.92,39.58,1012.5,80.28,465.67
15.26,46.18,1013.68,98.58,463.6
22.99,60.95,1015.14,69.86,449.7
21.78,47.43,1007.88,66.68,446.79
18.58,44.6,1016.61,48.15,459.06
8.56,40.71,1021.27,95.87,471.58
20.21,58.12,1015.36,79.18,453.19
24.66,60.29,1018.0,59.56,445.26
27.1,79.74,1005.43,86.05,431.51
19.78,63.09,1019.01,78.39,448.34
13.74,41.16,1010.74,87.69,473.19
9.99,36.71,1023.57,83.53,475.85
16.96,52.9,1019.61,81.86,460.2
25.99,68.08,1013.13,59.14,442.14
24.93,47.01,1014.28,66.04,455.06
9.19,41.01,1022.14,98.98,468.37
17.19,43.14,1014.34,68.62,464.72
27.71,74.34,998.14,71.85,434.2
26.57,44.57,1007.76,50.39,445.49
24.8,61.02,1009.86,71.75,438.96
14.48,40.89,1011.39,82.18,470.44
24.81,63.94,1018.76,44.51,444.26
30.24,66.75,1017.95,55.66,435.02
21.11,69.94,1004.37,84.26,439.91
29.39,69.89,1013.92,47.36,434.27
20.03,66.86,1013.05,64.59,450.93
26.59,59.92,1009.97,70.09,438.22
18.63,48.92,1011.37,71.72,450.29
19.58,52.9,1017.46,64.64,458.28
21.84,60.29,1017.23,66.89,454.4
19.11,50.16,1010.88,100.09,450.38
23.82,48.92,1010.48,44.45,446.85
25.69,72.43,1006.86,86.38,429.99
28.76,60.23,1010.03,58.24,437.42
12.14,40.27,1007.57,73.22,472.84
22.56,70.79,1005.85,93.09,435.14
14.5,44.47,1028.2,66.95,465.15
24.54,60.29,1017.42,58.94,447.67
28.92,66.51,1015.5,34.51,439.09
23.13,71.25,1002.49,94.59,431.91
15.61,40.89,1010.48,80.26,467.3
23.56,42.67,1008.01,66.76,440.69
19.7,43.79,1015.93,47.39,464.41
24.25,74.93,1013.07,69.31,445.44
17.46,39.99,1008.52,69.73,461.01
29.96,70.04,1010.15,54.47,427.1
15.48,53.82,1016.1,64.77,462.69
7.09,39.37,1020.07,73.26,487.0
12.92,39.35,1014.56,88.29,469.83
9.42,41.4,1029.6,87.43,478.12
16.07,44.58,1019.52,67.95,471.36
16.73,43.79,1016.25,73.58,468.87
24.37,63.47,1012.77,75.22,445.6
24.15,71.73,1009.76,85.16,436.55
25.06,65.46,1014.37,38.82,443.03
4.71,39.42,1026.4,84.42,481.28
28.08,73.42,1012.17,62.74,434.0
6.02,43.65,1013.85,83.53,481.92
23.71,60.23,1009.76,90.67,439.66
16.44,44.0,1024.48,76.51,460.33
4.97,42.85,1014.02,88.78,482.98
22.76,44.05,1006.95,74.07,450.31
12.74,49.83,1007.44,91.47,466.09
24.59,60.37,1005.31,76.81,438.09
8.76,41.48,1018.49,74.98,474.3
17.37,48.92,1011.91,58.4,455.53
13.52,42.34,1017.97,95.34,463.71
9.93,41.62,1013.76,96.02,464.64
15.07,40.69,1015.29,70.98,469.03
26.58,70.98,1008.96,77.36,434.41
17.8,46.48,1007.27,81.31,452.66
20.29,63.09,1019.03,76.07,448.22
15.66,41.35,1001.68,86.26,463.57
14.77,44.9,1020.5,84.31,465.23
23.93,64.45,1015.35,54.71,449.97
8.95,36.18,1014.08,76.94,478.07
18.2,39.63,1005.35,79.05,468.49
26.91,61.5,1009.47,55.26,436.84
26.75,64.79,1017.79,54.31,438.4
16.64,45.87,1009.02,98.86,456.79
33.18,72.29,1009.51,58.35,435.26
31.46,70.79,1003.54,59.51,425.68
8.05,38.38,1021.14,86.39,482.17
8.34,40.96,1023.28,89.45,483.92
28.1,61.02,1011.28,59.05,437.5
7.49,39.81,1019.03,87.29,483.59
11.95,41.48,1013.44,74.83,465.41
19.43,52.9,1017.16,67.41,458.46
17.28,44.06,1018.15,66.93,462.05
11.97,42.32,1016.95,88.32,467.98
25.97,69.34,1009.43,88.11,435.02
13.87,42.99,1007.45,81.52,471.12
29.45,69.13,1009.3,52.97,432.04
13.12,39.18,1023.11,64.33,471.44
21.97,68.12,1012.53,75.12,443.39
27.87,70.79,1003.96,72.17,428.41
28.86,73.67,1006.65,68.23,431.15
26.53,65.18,1012.77,64.37,437.39
24.44,59.14,1016.74,71.82,443.5
10.25,41.26,1007.44,98.08,476.03
9.35,44.03,1011.02,88.11,476.25
29.46,49.3,1003.88,54.1,436.37
29.8,69.34,1009.36,64.74,437.65
26.45,69.13,1001.53,89.64,427.5
31.38,68.27,1006.79,52.79,426.67
13.63,43.5,1022.12,84.32,468.28
11.15,41.26,1022.67,81.83,473.57
16.45,63.31,1015.96,83.97,452.42
13.69,43.22,1009.94,74.64,466.72
13.43,40.1,1015.82,87.9,471.77
16.97,42.86,1013.92,74.8,463.62
20.74,49.69,1010.91,69.1,454.59
23.43,61.47,1007.84,87.11,448.01
12.75,44.2,1017.59,81.22,471.03
24.22,61.86,1013.39,80.11,442.65
24.7,58.46,1015.58,68.64,439.7
21.94,62.52,1015.99,74.56,449.87
29.0,77.54,1011.33,75.13,431.37
9.01,38.56,1016.67,63.61,482.37
13.87,41.74,1021.42,64.02,472.12
11.64,41.44,1016.4,73.18,478.99
28.53,68.08,1013.27,42.53,438.91
27.56,66.93,1016.81,55.59,444.1
14.46,45.87,1008.26,89.44,458.69
10.87,37.5,1011.43,95.56,474.07
18.19,66.54,1012.9,86.05,449.22
15.46,44.6,1017.7,68.2,459.62
8.75,36.3,1015.61,57.53,480.4
5.81,35.79,1012.14,92.28,484.41
11.21,44.03,1007.95,93.03,471.79
28.61,69.75,1009.82,71.7,440.53
16.61,43.77,1012.25,77.23,457.66
30.33,68.67,1006.0,54.99,435.53
11.41,41.4,1019.01,78.59,449.5
19.74,67.71,1007.68,64.02,446.1
25.53,59.57,1010.65,82.04,445.59
9.93,40.67,1018.08,69.74,485.23
19.95,50.59,1016.11,73.23,459.27
26.49,67.69,1004.61,78.13,430.62
13.94,41.26,1021.67,74.4,467.9
7.38,44.71,1020.27,70.55,486.91
14.51,42.77,1017.47,81.95,463.37
29.35,54.2,1013.07,42.45,439.47
9.21,39.72,1019.54,74.44,478.96
19.5,40.79,1003.8,89.45,457.09
7.57,39.61,1018.66,85.73,480.86
29.48,64.69,1006.44,64.46,435.09
10.2,41.46,1020.23,84.54,481.46
29.12,51.43,1005.93,60.66,437.71
14.77,48.06,1010.92,69.81,461.52
31.23,66.75,1017.48,36.55,433.9
26.81,71.29,1009.65,80.69,434.48
7.69,36.24,1013.08,88.37,482.46
19.69,56.65,1020.79,66.94,457.17
24.26,66.44,1011.33,55.32,445.63
20.46,54.2,1011.4,84.0,448.1
23.46,47.01,1014.41,69.19,457.76
22.33,45.87,1007.8,63.61,447.02
19.21,58.49,1011.7,91.29,452.82
6.97,41.26,1010.6,96.88,484.71
32.77,71.32,1007.68,42.39,436.95
19.64,56.53,1019.6,76.19,447.66
13.48,39.85,1012.71,58.91,475.74
29.24,69.05,1003.12,43.18,432.56
13.55,43.48,1016.08,67.25,464.33
3.73,39.42,1024.4,82.42,488.58
19.66,51.43,1010.17,84.19,459.12
8.99,39.04,1021.99,75.98,483.35
21.32,59.8,1016.26,76.26,452.7
26.34,59.21,1013.37,58.98,439.22
26.43,75.33,1004.09,86.48,431.79
9.8,41.82,1032.98,67.55,473.72
16.32,43.14,1014.72,70.43,465.38
24.64,72.24,1011.37,80.61,434.54
16.17,46.97,1014.22,85.8,456.08
30.25,71.8,1010.87,60.4,437.28
26.03,70.32,1008.81,71.35,438.15
15.21,43.56,1012.92,56.61,467.0
34.3,74.67,1015.98,25.89,427.84
25.6,63.76,1010.18,67.43,435.75
18.04,44.85,1015.13,48.4,463.31
13.84,44.9,1007.58,63.62,463.27
5.71,41.31,1003.24,89.48,485.83
20.41,56.03,1019.94,55.85,458.29
8.11,42.18,1014.82,93.09,473.62
4.77,39.33,1011.32,68.98,494.91
10.87,38.38,1020.85,69.78,477.03
15.91,44.99,1010.93,62.81,459.73
24.79,59.21,1017.9,53.83,446.04
11.2,35.76,1019.24,64.59,473.33
7.24,41.17,1020.35,80.56,486.76
13.67,41.48,1017.51,63.54,463.97
13.83,42.86,1030.77,75.09,470.21
17.83,44.92,1025.04,70.58,458.42
15.54,39.31,1009.69,71.19,461.06
22.05,59.92,1009.06,93.74,437.9
22.61,50.32,1008.41,79.4,444.74
14.24,41.4,1019.7,70.32,466.88
13.49,44.47,1030.46,69.49,466.66
18.42,58.95,1016.95,86.77,452.1
18.2,52.72,1025.87,54.26,463.47
17.68,45.17,1017.5,77.57,461.96
13.56,41.48,1008.53,87.2,459.76
6.89,43.65,1019.87,72.77,484.0
23.1,66.05,1020.28,80.62,439.03
27.71,70.32,1008.63,64.05,432.59
19.7,52.84,1004.86,89.72,444.64
20.86,39.72,1001.73,56.38,456.27
23.5,54.42,1012.31,68.29,455.38
22.04,57.32,1012.54,62.17,447.27
27.6,69.34,1009.63,71.58,440.6
9.38,40.46,1019.29,75.77,474.1
28.64,66.54,1010.43,43.39,437.97
10.55,41.55,1005.02,63.24,473.99
14.51,53.82,1016.46,62.75,463.17
22.35,51.43,1011.34,77.33,445.34
13.33,54.3,1016.77,80.32,468.1
26.82,69.05,1004.62,40.0,437.42
20.02,67.32,1012.05,76.34,445.31
26.13,48.06,1013.5,47.67,440.99
22.57,62.4,1009.77,86.05,444.69
7.61,38.06,1021.16,83.22,484.14
7.91,39.96,1023.57,88.44,475.52
27.88,68.94,1007.68,75.68,435.04
16.16,25.88,1009.58,72.24,461.86
17.18,40.55,1000.47,72.03,461.73
21.22,43.43,1010.96,61.07,448.06
26.31,77.95,1012.45,77.22,436.83
6.25,39.04,1019.65,71.27,484.14
26.6,61.02,1010.26,66.16,436.19
24.44,73.5,1011.49,87.39,437.73
27.76,44.89,1009.4,50.15,442.83
26.09,58.41,1013.64,64.58,438.86
26.62,65.12,1016.0,43.24,441.22
11.73,40.64,1020.68,96.98,477.06
12.82,43.5,1022.38,84.32,471.41
15.27,41.16,1009.0,84.12,467.01
14.62,46.18,1014.75,96.81,462.26
11.72,41.54,1020.04,66.84,476.12
16.22,37.87,1022.36,83.13,461.06
24.26,69.51,1013.43,53.23,442.56
22.91,66.44,1011.23,63.43,444.48
15.34,36.99,1007.87,94.59,464.58
22.7,63.56,1014.32,71.76,445.0
31.97,69.04,1008.5,47.69,441.18
31.6,73.17,1010.05,43.48,433.37
21.19,67.71,1006.65,56.28,441.71
26.8,72.58,1008.94,78.24,428.62
10.72,41.38,1021.6,63.77,478.29
6.42,35.57,1025.58,79.63,485.86
7.1,35.77,1015.39,92.1,480.36
11.97,45.51,1016.84,81.47,472.82
26.62,71.73,1009.32,80.1,431.93
14.65,39.28,1014.04,77.98,470.41
10.48,40.22,1004.81,92.16,477.78
15.8,41.1,1003.0,77.36,465.87
8.73,41.92,1029.41,89.72,480.99
6.01,35.79,1011.05,91.33,482.25
27.92,74.99,1005.47,75.13,431.76
4.99,39.04,1020.45,78.89,472.52
8.42,37.49,1009.22,82.15,478.87
13.79,42.07,1018.27,88.06,462.25
14.87,41.23,997.39,82.06,465.01
21.14,58.05,1012.98,87.27,449.74
23.27,64.69,1006.84,70.53,438.08
26.48,69.14,1009.31,84.11,435.76
7.31,42.18,1014.75,86.75,477.38
24.22,68.51,1013.23,74.96,440.01
23.33,72.99,1009.33,89.41,440.04
13.65,44.6,1017.99,87.04,466.06
10.79,39.82,1012.89,88.25,479.92
15.63,44.9,1009.38,82.8,457.44
27.11,69.75,1009.74,85.67,433.28
16.73,39.64,1008.94,74.91,464.46
16.91,43.96,1013.32,79.87,465.86
6.62,42.49,1008.74,94.57,482.74
20.23,52.05,1012.15,47.49,457.57
21.98,48.41,1008.42,84.86,444.6
13.41,45.0,1021.65,45.24,478.96
18.77,50.66,1014.89,87.34,457.07
21.44,50.78,1008.87,87.56,443.3
26.65,58.41,1013.53,65.83,442.66
8.8,39.42,1025.17,68.72,476.5
6.57,43.65,1018.24,74.47,481.46
17.51,44.9,1009.05,74.91,455.01
8.3,36.08,1020.63,80.42,481.6
13.98,44.84,1023.6,89.09,462.81
26.9,59.14,1016.18,70.88,436.16
21.32,48.14,1016.57,71.81,449.09
23.49,42.8,1013.96,65.31,459.9
14.29,39.59,1012.36,92.38,463.13
4.87,42.85,1012.69,94.72,482.05
20.62,43.43,1009.93,64.02,449.07
24.31,63.86,1019.47,58.54,442.69
16.01,65.46,1014.0,87.68,454.16
21.89,74.78,1010.35,80.39,444.6
26.49,78.92,1010.82,83.42,434.91
13.65,41.58,1020.56,72.17,460.8
14.84,44.63,1019.28,57.37,466.0
17.88,46.97,1013.73,67.78,456.77
12.91,41.66,1013.37,71.52,469.71
22.35,54.42,1012.46,75.01,454.72
22.77,70.32,1012.04,82.43,440.67
10.76,40.43,1025.98,79.65,490.78
21.31,58.05,1012.94,88.39,446.76
14.56,45.51,1015.39,69.84,469.79
20.94,44.78,1008.14,35.7,465.57
15.84,49.69,1015.14,90.41,462.6
9.53,41.44,1018.01,80.09,481.83
26.51,70.32,1010.3,57.4,431.82
27.75,70.4,1006.65,90.21,436.53
26.26,73.06,1009.35,91.65,435.41
6.48,36.24,1013.62,92.03,484.65
29.64,67.79,1009.99,51.23,440.74
31.76,66.54,1003.02,49.64,430.18
30.69,73.67,1006.14,60.58,430.45
25.12,71.58,1010.18,87.5,433.58
23.0,63.78,1015.85,70.46,444.62
13.15,41.14,1026.72,80.31,461.49
29.45,74.16,1010.49,64.87,438.11
25.69,64.45,1013.05,42.0,450.94
9.77,39.04,1023.73,76.06,483.87
14.1,44.84,1025.09,79.42,468.22
27.76,72.99,1007.81,71.66,435.02
24.42,64.79,1016.12,69.32,449.1
10.98,41.54,1019.94,69.83,479.08
4.96,40.07,1011.8,67.38,494.75
19.41,49.39,1020.84,81.89,449.24
19.8,51.19,1008.25,91.98,446.66
29.3,70.04,1010.95,61.23,426.25
25.63,72.99,1008.2,86.8,436.64
14.28,43.02,1012.97,49.44,467.83
28.08,73.17,1011.19,73.1,430.8
11.24,25.36,1009.26,97.47,469.92
26.33,64.45,1013.12,43.31,450.67
10.37,39.04,1023.95,81.93,479.35
10.57,36.71,1022.11,82.39,472.62
21.81,63.77,1014.28,83.66,444.52
17.49,63.94,1020.02,82.6,452.71
8.57,41.17,1020.18,72.47,484.2
26.17,48.92,1009.87,34.43,440.09
15.52,58.59,1014.12,91.22,457.74
23.76,74.22,1009.2,92.98,437.47
22.04,58.05,1013.11,85.22,447.28
23.95,73.67,1007.32,87.67,437.43
21.61,49.39,1019.41,78.2,449.26
13.73,45.08,1023.55,81.64,470.35
13.61,38.47,1015.1,54.98,466.51
8.05,40.8,1028.01,89.56,483.43
17.9,43.72,1008.64,74.73,452.55
27.38,74.16,1010.08,78.61,436.65
30.56,71.98,1004.74,58.77,429.2
20.35,50.9,1012.6,72.43,453.5
14.7,41.39,1018.84,68.19,469.6
25.04,63.86,1018.92,52.79,441.6
5.76,45.87,1010.83,95.79,481.4
12.03,41.58,1015.09,90.43,464.02
23.63,60.93,1006.41,83.06,439.9
5.72,39.33,1009.96,95.4,490.76
17.4,63.09,1020.84,92.58,453.0
21.82,63.9,1014.48,92.53,447.29
20.95,48.14,1013.3,67.72,452.38
11.25,40.67,1011.64,63.54,480.49
29.18,71.43,1011.65,59.49,443.75
14.09,45.87,1009.05,84.09,465.6
11.68,39.22,1017.9,57.95,471.8
14.85,40.69,1014.91,72.64,469.3
18.61,67.71,1004.07,84.49,443.57
15.28,40.0,1016.65,65.0,458.76
26.96,65.34,1015.05,46.93,441.81
20.76,44.58,1017.09,57.47,462.01
14.42,41.16,1004.32,88.42,467.25
22.42,60.08,1017.71,67.46,452.31
10.67,40.23,1017.75,85.06,483.9
26.1,74.16,1009.42,85.4,437.18
12.15,38.78,1013.34,95.05,474.15
29.42,56.9,1006.51,53.6,439.51
11.06,40.64,1021.47,96.16,479.13
29.87,73.68,1015.1,40.96,433.43
21.14,69.94,1008.87,79.74,440.69
23.99,45.87,1007.63,52.62,443.66
8.57,40.69,1020.87,84.15,485.18
13.94,41.58,1020.76,68.22,463.07
21.38,58.33,1013.05,72.75,446.8
21.54,58.49,1010.85,78.9,449.12
25.72,49.82,1016.19,60.1,452.33
26.34,69.04,1009.44,72.06,444.13
24.7,44.57,1008.24,57.62,444.65
21.75,45.09,1014.15,44.84,452.84
14.7,40.8,1025.78,50.96,472.85
12.25,48.79,1017.44,88.91,469.52
14.82,44.58,1020.13,74.88,473.17
23.94,59.39,1014.32,74.55,438.64
23.38,54.42,1013.95,73.02,451.87
15.0,41.17,1015.57,64.82,468.72
31.9,69.4,1003.4,57.76,436.04
15.86,40.66,1016.23,86.74,455.85
8.75,40.77,1021.99,86.46,478.85
23.62,49.21,1014.1,49.54,443.53
23.4,65.06,1014.32,67.38,442.7
17.12,48.6,1007.38,79.15,454.47
22.91,60.07,1016.03,59.72,446.19
23.7,62.91,1012.26,57.89,444.99
22.67,62.52,1016.47,65.63,449.34
24.86,72.39,1001.15,90.24,440.85
20.08,49.69,1008.34,69.88,453.54
25.53,57.17,1010.0,72.57,442.12
26.3,67.07,1006.26,63.79,433.72
13.7,45.64,1019.18,92.66,467.9
16.34,41.16,1006.36,75.52,462.56
16.43,41.79,1005.47,76.89,455.85
23.65,66.05,1019.6,78.21,442.9
7.09,43.13,1017.91,92.37,485.04
22.88,63.91,1009.63,87.82,442.5
33.79,69.05,1001.62,40.13,435.1
11.22,41.66,1008.96,72.38,477.53
23.09,69.13,1010.93,90.07,436.67
28.5,76.86,999.49,77.47,430.62
21.54,58.41,1013.99,86.34,450.69
11.47,43.67,1012.68,72.51,475.72
25.66,77.54,1008.22,78.42,432.82
24.34,73.5,1011.31,84.15,440.29
18.71,39.39,1014.09,62.82,465.57
26.93,72.99,1007.33,78.85,433.18
22.38,49.3,1003.56,83.83,441.0
22.01,60.84,1017.55,83.82,441.9
26.98,70.94,1007.99,68.16,434.73
23.04,59.43,1010.23,68.99,442.99
27.74,74.78,1010.05,60.82,436.87
23.66,67.17,1007.24,87.56,443.43
27.54,75.6,1018.26,57.89,440.87
9.62,41.01,1019.43,97.99,467.34
29.23,77.3,1002.71,65.24,438.05
13.61,39.85,1012.78,58.12,475.62
27.75,77.24,1007.48,78.37,433.57
16.58,41.93,1022.36,45.24,466.61
27.71,69.13,1001.63,51.45,432.54
10.06,37.83,1005.49,99.46,473.51
26.45,64.27,1013.23,60.92,444.9
14.45,43.71,1025.26,84.23,463.6
24.65,52.36,1014.76,66.63,455.68
25.77,62.96,1019.86,58.07,442.83
16.03,41.23,996.35,82.04,464.67
7.77,35.77,1016.53,73.79,479.68
26.25,52.09,1013.2,53.12,450.53
21.44,63.09,1016.56,90.11,444.19
10.74,52.75,1021.75,75.41,467.48
26.28,75.23,1011.44,68.35,435.28
13.87,38.01,1022.61,84.22,473.39
10.42,39.35,1015.21,89.75,478.52
33.26,68.51,1012.49,52.68,429.38
15.07,39.3,1019.0,63.62,464.7
21.24,60.84,1017.99,82.22,445.71
31.38,70.83,1010.35,47.28,431.33
10.23,41.46,1020.45,84.95,480.87
27.51,73.67,1005.71,76.75,431.97
10.48,39.58,1011.81,88.86,472.61
26.76,48.41,1010.53,47.38,440.63
20.01,43.77,1012.13,65.53,455.66
28.7,71.64,1007.11,69.85,436.58
9.5,37.36,1015.13,63.41,478.8
14.33,42.86,1010.82,88.59,469.52
27.35,69.48,1008.51,65.81,432.31
27.19,64.96,1006.71,73.99,428.79
10.45,40.0,1019.01,89.01,465.43
20.12,45.09,1013.73,57.78,448.35
14.29,46.18,1017.01,87.29,464.73
23.9,61.41,1011.95,67.87,451.99
11.73,37.92,1008.24,65.13,472.04
8.51,34.69,1026.96,75.34,481.83
21.34,51.61,1010.11,80.7,452.0
20.21,65.06,1016.46,73.36,451.46
13.76,45.87,1008.89,87.27,463.5
20.06,52.84,1004.21,82.12,447.47
12.45,37.92,1008.03,61.87,470.59
11.63,41.5,1013.6,87.11,477.3
10.62,39.58,1011.9,87.85,479.91
26.63,74.22,1007.44,78.5,434.25
14.44,41.2,1015.96,81.97,469.85
10.42,43.79,1016.22,90.75,474.79
23.48,49.16,1002.7,70.22,445.72
32.22,70.8,1009.9,62.03,433.07
14.32,44.6,1013.85,68.13,466.36
21.61,58.62,1017.61,76.07,449.11
16.15,41.85,1016.54,81.58,466.56
24.93,69.05,1001.02,85.14,429.53
24.98,60.32,1015.63,57.19,444.67
5.02,45.87,1007.8,99.22,481.03
10.41,44.68,1023.53,91.38,474.7
18.45,42.44,1013.45,63.52,459.79
17.3,57.76,1016.26,87.74,455.75
25.98,73.18,1012.28,85.78,439.73
19.15,57.76,1019.62,74.89,458.66
10.63,39.61,1020.0,72.42,476.99
12.36,41.74,1020.58,69.24,477.16
21.45,60.84,1017.86,82.8,444.99
34.15,68.51,1010.75,37.02,430.19
33.67,80.18,1010.83,60.87,431.99
23.01,58.79,1009.71,84.22,444.64
15.65,43.5,1021.39,78.58,463.5
19.05,67.32,1013.2,83.14,447.47
13.46,44.71,1014.51,50.0,474.6
29.52,64.79,1017.53,44.83,439.6
16.14,44.21,1020.36,80.59,461.03
14.49,41.92,1030.3,56.62,463.81
8.5,39.16,1014.1,86.64,485.76
12.33,39.85,1012.53,66.04,479.32
16.37,44.0,1024.61,78.26,460.14
3.98,35.47,1017.22,86.53,489.64
22.53,62.39,1007.84,86.4,450.08
5.11,39.4,1012.16,92.14,488.56
30.63,74.22,1007.47,46.52,430.38
8.85,40.22,1008.61,90.6,482.3
27.35,66.05,1017.62,55.26,439.6
18.12,43.69,1016.91,52.95,464.68
9.37,40.11,1024.94,75.03,471.13
20.19,44.57,1009.2,72.13,454.36
29.0,69.13,1001.22,52.96,425.5
22.92,63.94,1019.28,42.69,444.22
16.39,52.75,1024.42,54.61,459.48
18.02,53.16,1013.41,82.84,458.01
6.76,39.81,1017.11,87.9,483.16
30.42,67.69,1006.23,54.19,430.9
15.57,44.68,1022.01,90.02,460.91
6.08,35.79,1011.08,90.59,483.08
32.53,77.95,1014.76,58.1,434.44
29.13,47.93,1002.5,49.1,435.61
30.75,73.88,1005.62,57.95,436.97
24.96,65.18,1012.68,76.19,436.24
17.99,43.79,1016.13,75.63,462.4
29.12,58.84,1001.31,52.86,446.51
13.74,34.03,1018.69,67.34,470.49
14.41,40.83,1009.82,80.43,470.13
10.35,37.14,1013.37,69.26,472.63
29.27,66.85,1011.11,63.25,440.98
20.92,70.02,1010.23,95.58,444.64
5.74,45.87,1011.44,95.94,482.0
24.75,63.57,1010.47,84.24,445.3
14.26,42.86,1011.33,88.37,471.19
20.87,63.31,1012.27,79.51,446.7
29.81,73.67,1005.6,60.91,430.67
10.07,39.66,1015.37,83.78,479.64
18.71,53.16,1013.26,82.64,455.7
23.75,60.29,1017.36,64.04,449.57
29.53,72.39,998.47,76.05,431.69
7.19,38.91,1016.53,88.61,486.05
28.28,69.48,1008.56,61.3,428.75
28.3,59.27,1010.92,61.83,445.19
3.26,41.31,996.32,100.0,489.38
24.67,63.56,1013.75,67.56,446.3
29.86,64.79,1017.37,44.8,439.89
25.16,54.2,1012.69,58.02,441.99
14.99,41.35,1004.56,98.9,466.85
21.18,44.57,1007.27,73.67,449.93
20.25,58.59,1012.99,65.98,452.18
4.84,38.5,1011.96,81.62,491.23
13.87,45.08,1024.42,81.69,465.48
31.35,71.32,1005.99,62.35,434.43
10.12,41.55,1005.78,62.34,475.46
21.75,58.79,1012.42,87.58,447.58
11.38,39.22,1018.62,57.14,473.71
15.85,49.69,1015.48,88.65,464.72
17.45,50.9,1012.16,83.8,458.67
19.69,56.65,1020.86,73.41,455.32
22.3,67.25,1017.33,75.85,453.27
19.3,56.65,1020.55,70.43,459.1
24.59,71.94,1006.89,88.52,430.28
26.53,54.2,1012.9,66.73,439.96
22.93,62.26,1011.25,83.66,438.34
23.72,58.62,1016.65,69.1,447.49
10.6,40.22,1011.37,85.81,477.62
24.06,58.2,1017.46,48.04,445.91
10.58,42.34,1022.32,94.01,474.91
13.42,38.91,1012.81,73.82,472.22
28.82,65.71,1014.24,54.3,449.18
18.11,44.85,1014.48,48.94,458.85
28.08,59.14,1016.16,58.08,438.83
21.73,50.32,1008.51,84.62,442.1
30.9,70.8,1008.48,67.48,435.27
20.76,62.52,1015.63,81.04,451.69
25.52,59.15,1013.88,65.37,439.42
27.62,63.9,1013.11,43.56,442.89
25.33,48.6,1002.54,68.45,442.48
29.62,71.8,1011.05,63.13,438.55
10.13,39.18,1024.09,85.48,479.42
20.79,65.59,1014.9,77.0,450.3
19.09,42.44,1012.93,63.59,461.84
24.94,74.33,1014.3,75.34,435.21
14.26,42.32,1016.0,77.43,463.71
24.36,68.61,1010.27,63.78,448.71
12.52,41.44,1016.08,68.94,477.18
30.61,67.69,1004.97,47.46,429.8
18.32,66.51,1015.18,81.5,459.89
23.87,63.94,1019.02,44.28,445.11
26.05,44.89,1009.83,56.36,443.18
25.03,57.5,1014.96,62.23,449.48
32.57,78.92,1011.6,66.47,430.12
24.77,71.94,1006.77,88.86,432.27
8.83,36.3,1027.08,72.69,479.86
19.64,48.06,1014.81,74.96,455.27
28.84,73.03,1013.99,76.05,435.75
9.75,42.49,1010.57,83.63,480.35
23.43,63.94,1010.64,89.29,440.16
13.97,38.47,1015.15,55.28,464.3
29.1,50.05,1005.87,51.53,438.66
23.64,58.49,1011.4,74.2,445.75
9.54,41.17,1019.79,65.61,481.18
5.79,45.87,1010.23,95.41,480.97
22.1,58.33,1013.71,69.09,441.31
18.42,63.94,1020.47,74.47,450.55
29.67,73.67,1006.48,64.98,429.28
13.61,42.34,1017.93,91.61,463.89
12.59,41.14,1025.79,86.55,465.74
24.19,65.48,1018.8,60.54,443.92
15.29,41.1,1005.75,85.53,467.99
29.13,70.72,1009.61,67.49,436.9
10.58,41.49,1020.43,91.9,473.19
28.54,76.86,1000.09,74.67,433.35
25.89,63.56,1013.82,64.51,443.82
12.83,44.88,1017.86,87.88,474.26
24.04,72.43,1008.02,87.2,439.39
20.5,49.69,1009.6,70.81,452.94
13.35,41.39,1019.17,72.87,474.19
15.64,38.28,1014.39,76.93,466.51
9.18,39.42,1025.41,69.46,473.78
16.64,53.82,1015.13,68.24,459.01
23.94,62.08,1022.47,61.97,447.5
22.46,58.49,1011.5,70.54,448.46
9.11,40.02,1031.1,83.02,479.03
9.75,43.69,1016.81,82.42,481.34
14.13,40.75,1016.05,72.41,471.44
32.84,74.67,1015.89,31.81,430.88
20.37,52.05,1012.34,62.57,456.11
24.85,58.05,1011.5,70.12,444.53
18.17,52.08,1001.91,100.09,451.06
30.4,71.97,1008.42,76.28,430.23
30.8,69.14,1007.68,63.78,433.62
23.36,74.93,1016.57,71.91,443.78
31.54,77.24,1008.23,70.19,431.27
28.16,70.4,1003.77,83.17,434.01
22.01,58.46,1016.26,75.99,443.75
16.6,53.16,1014.5,76.75,457.26
7.66,41.92,1031.96,82.48,485.11
17.83,66.86,1011.65,77.31,456.56
8.43,40.69,1020.36,87.28,484.94
19.5,52.72,1025.21,50.21,457.26
22.15,43.77,1010.81,60.08,448.46
25.86,59.92,1009.92,73.95,436.06
19.61,45.01,1014.84,64.42,461.97
11.05,40.71,1024.91,76.42,479.59
9.91,39.64,1010.57,75.82,478.63
12.32,41.26,1022.42,79.74,470.27
22.72,50.05,1007.0,88.24,444.43
14.29,39.59,1010.93,94.53,463.04
11.74,43.56,1015.14,70.72,477.5
23.25,56.9,1006.82,76.37,442.76
21.14,48.78,1020.39,86.2,450.35
27.97,58.84,1002.25,57.88,446.11
9.82,41.26,1007.71,96.69,478.02
23.66,77.54,1008.5,85.32,435.38
23.67,68.67,1006.71,77.22,445.32
21.08,44.05,1008.13,72.52,449.6
15.23,44.9,1007.75,81.34,456.07
11.22,43.13,1017.24,80.9,473.93
22.37,50.78,1008.84,82.06,449.08
13.8,39.39,1013.85,81.95,471.7
12.55,38.91,1012.58,75.44,474.35
13.49,44.47,1030.18,69.15,468.46
10.75,45.0,1023.68,89.37,481.96
15.87,41.16,1005.85,78.29,463.86
25.96,68.08,1011.34,71.57,432.82
17.69,65.46,1013.72,67.28,448.49
21.43,63.94,1017.28,57.49,449.02
25.39,58.79,1015.85,62.59,441.51
20.51,42.23,1013.25,71.83,461.78
19.09,56.51,1015.58,92.56,449.24
16.3,38.73,1001.79,73.45,465.7
27.4,77.24,1007.65,78.13,435.74
29.06,72.86,1004.23,69.41,432.12
13.98,40.71,1022.72,71.83,474.46
26.24,49.82,1014.9,55.58,452.41
20.73,59.87,1019.08,80.48,445.18
14.87,35.71,1015.53,57.7,468.75
21.14,67.71,1006.38,56.78,445.12
21.05,58.33,1013.14,66.34,447.66
19.09,39.39,1013.36,59.14,466.13
14.88,42.28,1007.26,71.3,466.73
21.24,50.32,1008.54,84.83,447.32
14.05,39.59,1011.2,94.54,464.63
28.61,72.29,1011.61,45.33,446.77
21.95,68.63,1012.8,61.55,448.9
13.57,39.39,1014.01,82.12,471.44
13.98,54.3,1015.58,74.91,466.52
25.88,63.47,1011.95,65.87,443.94
9.35,41.03,1021.33,66.75,482.16
23.26,59.14,1016.98,76.29,440.37
30.27,64.05,1011.93,65.72,438.68
33.73,69.88,1007.21,42.93,434.83
14.49,44.84,1024.09,86.55,465.72
22.79,71.77,1005.75,90.91,435.53
19.95,58.46,1017.45,89.46,447.1
21.97,69.23,1012.25,86.45,443.85
21.12,63.56,1014.16,81.42,445.9
14.47,48.14,1017.28,87.36,457.45
5.48,40.07,1019.63,65.62,495.76
29.89,64.69,1006.37,58.78,435.39
6.54,39.33,1011.54,93.69,491.16
8.19,40.69,1019.86,85.23,477.76
25.11,67.32,1014.49,58.39,441.93
9.76,41.01,1019.66,97.59,467.6
18.84,67.32,1012.63,81.89,449.21
10.95,40.81,1016.19,77.96,474.36
24.81,59.43,1009.42,54.64,439.33
31.87,71.22,1006.16,45.66,437.0
11.28,42.44,1014.62,99.78,473.36
28.28,61.47,1009.44,60.89,443.12
24.17,48.78,1018.08,75.14,440.96
22.18,69.05,1002.75,70.84,442.14
12.68,45.0,1022.54,77.19,479.69
18.56,42.18,1001.46,99.59,456.61
12.57,39.18,1023.09,77.28,471.87
17.86,45.0,1023.25,53.48,465.78
20.67,70.02,1010.42,94.09,448.75
5.25,42.85,1013.75,89.67,477.78
21.32,49.02,1008.81,85.81,445.65
24.32,59.14,1017.46,80.14,438.08
7.31,43.02,1014.19,86.43,484.82
25.6,59.15,1013.31,67.02,441.11
18.83,47.83,1005.58,77.07,454.23
19.94,58.96,1014.16,66.27,455.55
10.33,41.44,1015.24,86.72,478.79
14.38,40.1,1015.51,81.23,467.28
11.26,39.35,1015.47,99.28,471.83
11.56,41.62,1012.5,91.42,460.6
29.6,67.79,1010.37,51.05,442.43
18.93,44.06,1017.58,68.23,454.75
20.85,59.21,1012.9,75.97,444.44
23.75,61.5,1008.16,69.14,442.35
11.78,39.96,1011.37,82.95,472.79
31.67,69.89,1013.88,39.33,426.35
23.19,48.6,1002.38,61.19,445.52
32.51,69.98,1013.29,54.07,429.66
23.68,49.02,1007.53,86.05,440.68
21.96,48.6,1004.87,76.27,446.56
21.95,57.76,1018.02,67.72,452.27
6.43,36.08,1022.73,85.03,486.39
26.39,49.16,1005.68,56.18,442.87
19.08,44.63,1020.14,43.36,459.81
10.22,38.18,1018.01,70.7,474.07
26.18,52.36,1013.46,56.65,453.54
9.39,40.11,1029.14,77.29,473.05
11.16,40.05,1014.95,88.38,479.11
29.01,65.71,1013.61,48.07,446.22
10.59,39.96,1025.87,97.05,468.96
23.72,66.48,1003.61,73.75,436.62
23.11,68.3,1017.83,86.62,437.91
10.08,37.92,1010.47,66.37,474.63
13.94,42.86,1012.35,88.78,471.64
27.18,71.06,1008.16,86.32,430.66
14.87,54.3,1017.17,71.57,462.87
25.18,61.08,1013.08,80.75,445.64
20.47,63.07,1012.79,88.67,451.71
24.32,58.79,1016.8,65.61,442.78
17.19,37.2,1011.84,67.59,468.4
23.67,63.86,1019.67,57.95,441.73
22.96,68.61,1011.15,76.62,447.18
9.87,40.81,1017.17,84.25,473.2
10.32,42.28,1008.82,75.66,481.09
25.16,77.3,1000.73,86.4,439.37
33.17,70.4,1004.45,58.0,430.14
23.88,67.9,1005.99,67.58,446.34
26.4,48.41,1008.51,66.95,442.23
25.38,63.87,1018.7,52.48,442.13
11.52,40.8,1024.31,73.49,479.56
22.95,67.79,1009.89,91.69,442.19
21.87,69.45,1014.04,71.19,439.97
24.8,64.63,1020.69,55.74,447.82
22.35,65.61,1016.27,73.93,448.41
24.39,63.21,1012.59,80.88,446.4
11.5,40.22,1010.31,78.08,476.46
6.03,41.14,1028.04,87.46,479.61
12.35,44.2,1017.81,82.49,471.65
26.75,43.21,1012.29,87.28,430.45
18.58,49.25,1019.92,60.24,452.94
27.89,73.21,1001.32,85.88,431.59
17.48,44.2,1018.89,61.51,457.15
16.9,44.88,1018.14,72.21,466.8
8.8,41.26,1008.08,96.52,479.74
9.68,39.96,1026.09,99.28,470.22
15.27,38.73,1002.83,77.77,465.99
24.94,63.94,1012.72,73.71,438.55
31.01,67.83,1007.95,43.57,429.46
18.44,45.38,1014.3,86.02,461.99
26.86,68.08,1012.99,50.04,436.25
19.19,63.31,1016.88,66.58,453.16
28.79,70.79,1003.83,65.9,425.64
26.12,75.6,1017.41,72.31,439.68
13.65,39.28,1012.97,79.64,471.91
31.35,68.67,1005.26,66.85,433.73
18.6,68.28,1003.27,84.21,446.98
7.82,38.91,1015.58,90.11,479.15
25.66,70.02,1010.89,68.14,442.2
13.86,40.83,1008.76,82.4,470.37
14.98,39.58,1011.78,75.07,467.77
21.95,60.95,1015.22,75.09,450.38
22.65,68.67,1006.67,77.42,447.01
28.57,69.84,1003.57,66.55,433.24
20.11,57.25,1010.36,88.89,451.95
9.3,40.56,1022.64,76.14,479.87
10.4,40.43,1025.46,75.09,492.09
16.63,43.77,1012.25,75.09,458.66
25.2,59.21,1017.54,55.53,444.16
8.34,40.77,1010.84,90.01,480.48
24.33,46.93,1013.72,48.27,447.43
22.36,58.79,1011.77,87.51,446.49
24.75,69.89,1015.29,82.01,438.1
26.06,49.02,1007.59,74.08,437.9
10.17,41.46,1020.01,84.86,482.36
17.72,39.99,1007.34,72.3,461.7
26.95,48.41,1008.53,62.94,436.54
18.23,58.96,1015.55,69.61,459.12
13.78,44.47,1027.94,71.09,467.22
30.55,71.06,1009.33,73.38,432.6
13.78,43.22,1011.31,69.7,463.71
16.39,41.67,1012.96,61.07,467.68
16.58,44.68,1021.5,83.38,458.87
9.51,39.22,1015.3,72.41,474.12
13.81,40.2,1013.66,88.16,464.23
5.04,40.64,1021.35,93.63,484.42
27.05,75.33,1003.88,82.94,433.57
9.11,40.64,1020.68,86.91,476.62
27.04,65.06,1013.33,52.37,439.84
20.27,57.76,1016.66,75.76,450.71
10.67,42.02,996.55,99.94,472.65
31.81,69.88,1007.94,55.91,432.6
29.15,73.42,1011.43,66.49,432.26
13.53,38.73,1004.86,85.38,472.46
32.09,72.86,1003.47,54.59,434.78
22.8,49.16,1006.4,77.05,439.65
30.18,65.74,1012.63,47.74,441.65
22.66,68.3,1017.73,86.92,431.27
10.9,41.46,1016.66,86.2,479.45
33.43,66.44,1010.29,53.45,433.01
19.64,44.6,1015.88,47.56,467.53
12.16,45.0,1021.51,50.52,482.99
17.28,65.94,1013.62,89.97,454.76
3.0,39.64,1011.0,80.14,485.2
7.44,41.04,1021.84,88.56,479.08
18.58,46.97,1014.25,74.09,454.26
15.86,43.02,1012.18,40.33,466.6
24.41,56.9,1006.58,77.94,439.51
25.67,58.59,1013.0,62.34,451.03
9.48,44.71,1019.12,66.43,478.42
24.92,73.68,1015.12,93.68,438.23
25.97,43.21,1011.9,88.73,434.83
13.52,41.48,1014.46,67.12,460.76
17.43,63.09,1019.87,92.77,449.36
9.2,40.03,1017.05,92.46,480.38
18.62,59.15,1012.85,82.54,450.81
12.86,44.77,1018.75,74.73,468.43
13.2,45.01,1013.96,78.78,466.71
24.78,58.46,1016.82,67.5,442.42
12.11,41.17,1019.46,62.59,475.53
17.84,61.27,1020.1,70.68,454.57
22.68,59.54,1004.32,95.44,437.96
7.8,39.04,1018.46,66.5,482.31
16.18,44.9,1021.3,74.46,463.1
27.54,66.93,1017.06,55.2,450.22
17.12,49.5,1014.79,87.03,463.39
32.48,62.04,1010.39,38.05,446.48
13.09,39.85,1012.86,58.42,475.89
26.45,54.5,1014.96,65.55,450.76
31.17,69.51,1010.51,43.11,428.94
33.33,73.03,1014.2,42.28,436.05
26.38,66.49,1013.89,43.06,442.38
11.29,41.5,1013.39,89.15,476.04
30.2,71.8,1011.13,60.66,436.94
32.56,68.94,1007.12,58.18,425.61
13.77,47.83,1007.41,90.66,466.07
28.11,77.95,1009.38,72.81,432.98
22.58,41.54,1013.21,71.33,460.95
9.48,40.11,1025.49,73.81,472.16
15.49,42.07,1018.01,78.07,460.32
31.1,69.51,1010.84,45.4,429.74
31.68,73.68,1014.85,64.0,431.11
27.53,72.58,1009.13,89.06,428.83
21.17,58.16,1017.16,68.11,452.02
21.82,65.27,1013.86,72.81,447.43
23.78,60.27,1018.02,78.06,441.56
13.07,45.51,1015.22,78.65,460.14
26.63,74.16,1009.72,83.26,436.03
21.24,63.47,1011.86,97.02,442.94
20.95,70.72,1009.96,87.73,445.66
22.2,51.19,1009.2,82.95,445.54
14.35,46.18,1016.63,87.76,461.74
26.52,71.64,1008.27,75.3,437.76
10.31,40.67,1017.61,69.61,485.25
12.11,38.28,1013.56,93.21,469.93
29.23,72.99,1007.04,63.47,431.0
15.52,40.0,1017.0,66.27,454.14
23.25,51.86,1013.54,78.34,450.22
14.72,40.83,1009.65,80.98,469.8
27.44,74.9,1003.85,76.65,436.42
24.43,58.2,1017.18,46.84,444.89
7.45,39.61,1017.88,79.73,478.89
20.32,39.72,1001.38,57.21,456.18
15.36,41.66,1012.41,62.32,466.7
14.13,43.7,1015.94,80.89,469.28
19.83,59.21,1012.67,96.42,440.03
22.75,59.39,1015.4,81.41,440.26
14.68,41.23,998.43,83.71,469.25
18.62,61.27,1019.26,73.35,455.75
29.6,71.58,1010.34,52.56,434.64
25.8,65.38,1009.3,52.28,450.5
28.59,69.84,1003.79,67.31,427.53
7.55,38.08,1019.37,76.32,485.49
14.55,42.74,1028.41,70.09,465.81
26.05,65.59,1012.78,67.03,437.04
20.32,39.72,1002.0,51.71,458.8
26.82,65.27,1013.6,53.85,437.84
22.39,59.04,1011.78,86.39,445.52
12.24,44.92,1023.74,88.21,473.26
15.5,40.12,1012.79,96.75,460.41
20.45,69.45,1012.53,91.81,441.83
25.21,60.37,1006.01,73.14,436.23
22.66,61.27,1019.29,55.43,448.68
27.94,49.16,1004.22,35.46,436.75
25.58,63.47,1011.44,66.81,443.66
24.09,73.68,1014.93,94.55,441.34
22.93,58.2,1017.75,54.09,444.95
27.92,69.23,1013.21,44.43,435.62
19.82,41.67,1012.92,51.92,456.87
8.1,40.64,1020.66,89.04,478.27
22.56,66.48,1003.82,77.46,437.73
21.58,63.87,1015.27,63.15,451.88
11.39,40.27,1009.04,73.13,474.93
12.26,41.5,1014.87,89.41,471.13
22.25,60.77,1017.8,82.19,444.05
16.97,44.92,1025.21,74.27,460.21
22.37,41.54,1013.74,72.21,459.06
30.67,77.95,1015.28,61.67,435.96
28.01,51.43,1011.6,49.2,449.82
10.94,39.04,1021.81,86.02,479.2
22.45,57.76,1017.55,58.6,450.61
29.36,68.94,1007.5,79.91,431.39
26.67,59.44,1012.01,58.83,441.29
22.61,42.8,1014.24,69.71,460.26
30.09,76.2,1006.64,61.02,434.68
9.24,41.4,1018.34,84.91,477.65
24.77,48.92,1010.25,47.04,448.25
30.71,64.05,1011.75,62.81,438.42
18.63,61.27,1019.69,73.67,454.03
24.3,69.94,1007.02,62.14,438.92
24.97,54.2,1012.68,74.25,439.71
14.8,42.77,1019.14,76.53,462.29
29.27,64.69,1006.85,55.79,438.23
17.48,49.39,1021.51,84.53,460.01
31.11,74.16,1012.2,58.86,435.69
21.86,49.21,1014.61,53.31,452.77
6.48,40.27,1010.55,82.12,486.68
20.66,51.19,1008.81,88.93,447.14
29.3,68.08,1011.23,56.23,434.11
18.28,60.1,1009.72,85.79,452.93
6.01,35.79,1011.26,90.72,482.79
9.52,40.96,1023.48,86.49,483.59
15.3,43.14,1015.11,71.35,466.0
20.51,48.6,1005.29,80.7,448.0
10.94,39.69,1004.5,86.29,459.69
11.17,40.27,1009.54,74.56,476.18
20.25,63.91,1009.27,97.97,448.37
24.35,58.49,1011.03,70.64,445.6
8.28,40.56,1023.29,79.44,486.4
32.63,69.89,1013.85,41.66,425.72
13.38,40.89,1010.48,92.55,472.15
8.12,43.02,1013.56,85.26,483.55
14.67,42.28,1007.21,65.17,469.02
21.27,57.5,1014.53,80.76,453.34
27.57,69.84,1004.91,68.37,426.6
27.55,68.08,1011.42,60.71,432.59
21.11,65.94,1009.83,71.91,448.77
22.63,70.47,1008.0,82.27,441.92
15.67,45.17,1018.73,94.74,462.09
22.31,51.19,1009.38,79.72,444.74
19.69,59.14,1015.99,70.33,448.69
10.45,39.69,1003.92,89.45,472.54
29.78,74.78,1009.28,55.09,436.39
17.3,42.24,1017.07,64.52,469.21
25.23,64.63,1020.59,52.2,447.28
32.92,69.05,1000.74,39.61,426.61
18.87,67.71,1004.0,87.35,444.77
25.56,70.32,1009.07,90.63,433.72
15.69,37.64,1016.0,83.88,462.18
23.96,60.95,1015.01,65.24,446.4
21.19,58.86,1014.19,68.96,452.43
17.15,43.69,1017.05,63.36,463.88
10.06,43.22,1014.1,85.7,473.0
27.33,52.84,1005.88,56.16,438.97
17.04,40.12,1011.81,83.14,458.1
18.93,48.6,1005.72,84.92,449.74
9.54,41.17,1019.79,65.61,481.18
20.46,59.21,1018.42,85.89,445.22
22.48,71.29,1008.15,75.41,444.71
25.9,47.45,1007.8,55.96,443.13
14.0,43.34,1016.37,85.51,463.99
23.07,50.05,1006.9,86.98,442.97
29.24,60.23,1009.62,59.71,438.24
7.79,41.01,1024.0,97.2,477.0
30.9,73.42,1011.21,65.32,433.44
9.14,40.6,1015.34,88.91,483.57
25.92,50.16,1003.95,71.3,440.98
17.67,45.09,1014.26,51.92,457.67
8.51,41.26,1023.17,87.79,477.51
14.12,39.52,1018.41,78.32,465.09
16.71,40.56,1019.48,49.88,467.46
18.4,44.06,1017.36,70.88,456.8
20.28,57.25,1010.12,88.42,452.03
25.0,59.43,1007.84,68.91,438.28
29.04,60.07,1015.42,46.15,440.43
23.35,63.47,1011.78,84.24,437.87
18.24,49.5,1014.37,79.36,464.13
10.15,43.41,1018.4,82.07,473.43
25.14,67.32,1013.96,41.78,435.39
14.53,39.0,1016.48,76.36,464.86
13.89,44.84,1023.66,92.97,466.74
10.74,40.05,1015.45,87.33,477.93
25.67,68.3,1017.16,74.19,435.89
11.72,40.92,1023.35,88.55,465.88
21.05,61.87,1009.69,62.81,449.05
21.52,50.66,1013.56,74.33,455.71
21.93,57.17,1009.81,81.15,448.75
13.96,40.92,1022.65,73.08,460.95
18.48,58.59,1015.61,85.14,452.52
22.84,59.39,1014.61,80.36,443.71
15.15,37.64,1014.37,89.82,463.98
11.5,40.78,1023.91,86.31,467.74
21.3,41.1,1001.86,42.75,455.13
9.66,41.06,1021.21,84.7,482.2
31.42,70.17,999.3,61.22,430.78
10.45,40.71,1015.68,81.48,469.22
21.59,61.87,1011.18,57.21,446.58
8.65,40.56,1023.23,78.85,485.87
8.9,36.24,1013.29,89.35,479.03
9.93,39.04,1023.78,77.08,480.54
18.31,46.21,1010.46,82.15,451.75
26.36,73.68,1013.99,86.44,430.39
18.81,49.15,1020.79,67.09,459.81
18.43,56.03,1020.41,60.55,465.17
26.06,71.73,1009.65,77.02,432.38
13.4,41.58,1020.5,71.17,461.54
29.56,74.22,1007.45,57.46,432.84
25.43,70.17,1000.46,87.84,436.43
27.56,68.08,1010.8,59.18,433.95
7.0,41.55,1001.43,97.12,483.92
20.11,51.19,1007.82,92.06,449.03
30.53,65.18,1012.69,41.85,437.89
22.64,72.24,1011.07,98.55,434.36
14.28,42.77,1020.06,81.77,466.75
4.97,40.64,1020.91,94.28,485.43
23.95,58.46,1017.5,68.46,440.75
28.42,73.4,1011.39,62.72,438.25
18.41,44.9,1008.97,73.81,453.12
7.26,36.08,1021.47,83.15,483.58
32.69,72.86,1003.57,56.84,431.76
28.41,75.6,1018.48,56.07,440.28
9.43,37.14,1013.03,74.99,473.57
28.29,69.13,1009.29,58.18,429.28
12.85,40.0,1015.89,68.85,463.74
28.11,70.98,1007.76,85.6,431.83
27.62,67.51,1012.38,60.25,442.13
23.87,60.27,1018.94,77.16,439.86
7.55,39.22,1014.53,77.76,482.19
22.84,50.05,1005.59,79.49,442.85
28.04,74.33,1013.53,48.65,432.92
23.47,51.3,1011.89,74.1,448.65
21.39,52.3,1009.2,79.77,446.87
11.43,40.22,1010.84,81.04,477.5
16.77,49.39,1018.61,95.86,459.38
18.53,39.72,1001.26,64.08,457.26
31.24,71.98,1004.66,57.17,426.93
20.86,51.3,1012.03,92.46,449.67
27.31,64.44,1014.65,57.27,442.77
27.69,70.32,1012.2,82.27,432.57
10.25,37.14,1013.14,70.73,474.37
14.04,42.44,1012.74,81.89,471.81
13.06,41.78,1012.3,55.31,467.67
27.9,63.13,1011.8,70.04,439.76
10.3,41.46,1018.21,86.17,479.65
10.8,41.66,1013.79,81.96,475.51
28.33,68.27,1008.09,50.37,432.66
14.56,41.76,1023.82,85.36,464.3
26.39,66.49,1012.96,60.35,433.36
6.17,39.33,1012.57,93.32,491.54
25.86,61.08,1013.51,67.5,449.67
27.58,71.97,1008.51,87.99,430.53
31.32,71.29,1008.37,50.07,430.46
15.06,39.3,1019.63,63.32,464.15
15.12,52.05,1014.63,80.38,464.78
14.7,48.6,1006.91,85.65,460.63
4.43,38.91,1019.04,88.17,491.9
24.81,63.73,1009.34,83.61,440.43
14.87,38.28,1014.65,80.24,467.29
24.27,68.28,1005.43,67.63,445.23
